tree
version=v4
num_class=1
num_tree_per_iteration=1
label_index=0
max_feature_idx=6
objective=binary sigmoid:1
feature_names=vendor_order_count vendor_rating ordered_before total_orders avg_spend distance days_since_last
feature_infos=[474:7807] [3.2000000000000002:4.7999999999999998] [0:1] [0:262] [0:783.79999999999995] [0:673.52846338271672] [-1827:0]
tree_sizes=1113 906 593 1008 587 588 1116 693 586 370 586 906 909 1220 906 589 1223 369 798 1017 694 697 587 908 1542 804 693 1117 1325 698 688 591 1024 798 1016 698 1209 1431 1016 690 918 1227 1129 693 2429 807 1565 480 693 2226 1451 588 1231 1449 805 702 1226 1567 2315 1552 1462 794 1787 481 914 796 1110 901 481 479 799 1461 1335 590 591 484 1019 593 1234 1452 909 703 2688 805 1899 2452 1145 1676 1252 1349 1585 1482 927 815 590 484 1144 595 701 702

Tree=0
num_leaves=9
num_cat=0
split_feature=2 0 0 0 3 3 0 3
split_gain=542008 5.82077e-11 5.82077e-11 1.45519e-11 7.27596e-12 9.09495e-13 2.84217e-14 7.10543e-15
threshold=1.0000000180025095e-35 5339.5000000000009 5059.0000000000009 4822.0000000000009 95.500000000000014 61.500000000000007 5339.5000000000009 66.500000000000014
decision_type=2 2 2 2 2 2 2 2
left_child=3 2 -2 -1 -3 -5 7 -7
right_child=1 4 -4 5 -6 6 -8 -9
leaf_value=-1.5093348308522718 -0.88508765863945338 -0.88508765863945338 -0.88508765863945338 -1.5093348308522718 -0.88508765863945338 -1.5093348308522718 -1.5093348308522718 -1.5093348308522718
leaf_weight=66951.682946801186 15015.365928575397 1711.9820733219385 661.43669699132442 2394.5642399191856 4.3252096921205512 5.2863674014806739 45.975377097725868 35.242449343204498
leaf_count=417944 93733 10687 4129 14948 27 33 287 220
internal_value=-1.38428 -0.885088 -0.885088 -1.50933 -0.885088 -1.50933 -1.50933 -1.50933
internal_weight=86825.9 17393.1 15676.8 69432.8 1716.31 2481.07 86.5042 40.5288
internal_count=542008 108576 97862 433432 10714 15488 540 253
is_linear=0
shrinkage=1


Tree=1
num_leaves=7
num_cat=0
split_feature=2 0 3 5 5 5
split_gain=358884 5.82077e-11 1.45519e-11 1.81899e-12 2.27374e-13 2.27374e-13
threshold=1.0000000180025095e-35 5339.5000000000009 2.5000000000000004 0.34722445113717032 0.32538910524227466 0.22466909982073416
decision_type=2 2 2 2 2 2
left_child=2 -2 3 4 5 -1
right_child=1 -3 -4 -5 -6 -7
leaf_value=-0.1221056967048023 0.34231965650945262 0.34231965650945262 -0.1221056967048023 -0.1221056967048023 -0.1221056967048023 -0.1221056967048023
leaf_weight=657.69403982162476 20236.670094013214 2215.5247530937195 53671.896051764488 9492.3812456130981 75.91058349609375 363.9853173494339
leaf_count=4436 97862 10714 362005 64024 512 2455
internal_value=-0.00185567 0.34232 -0.122106 -0.122106 -0.122106 -0.122106
internal_weight=86714.1 22452.2 64261.9 10590 1097.59 1021.68
internal_count=542008 108576 433432 71427 7403 6891
is_linear=0
shrinkage=0.1


Tree=2
num_leaves=4
num_cat=0
split_feature=2 5 5
split_gain=271573 1.45519e-11 9.09495e-13
threshold=1.0000000180025095e-35 0.25320631587624304 0.043133498856967177
decision_type=2 2 2
left_child=1 2 -1
right_child=-2 -3 -4
leaf_value=-0.11956476127460017 0.27207631986964981 -0.11956476127460017 -0.11956476127460017
leaf_weight=248.80660030245781 25239.076176166534 55620.181754082441 3449.3517898917198
leaf_count=1818 108576 406410 25204
internal_value=-0.00266598 -0.119565 -0.119565
internal_weight=84557.4 59318.3 3698.16
internal_count=542008 433432 27022
is_linear=0
shrinkage=0.1


Tree=3
num_leaves=8
num_cat=0
split_feature=2 0 0 0 3 3 5
split_gain=217494 2.91038e-11 1.45519e-11 1.45519e-11 7.27596e-12 1.13687e-13 5.68434e-14
threshold=1.0000000180025095e-35 2698.0000000000005 6684.5000000000009 730.00000000000011 73.500000000000014 76.500000000000014 0.48651019073272822
decision_type=2 2 2 2 2 2 2
left_child=2 3 -1 -2 -3 -4 -6
right_child=1 4 5 -5 6 -7 -8
leaf_value=-0.11735993804974937 0.23108709045146605 0.23108709045146605 -0.11735993804974937 0.23108709045146605 0.23108709045146605 -0.11735993804974937 0.23108709045146605
leaf_weight=54142.238759994507 2981.0571963787079 7406.248079046607 480.21233081817627 16209.498505309224 13.501164838671682 7.310318946838378 42.467300310730934
leaf_count=429564 12144 30171 3810 66033 55 58 173
internal_value=-0.00310317 0.231087 -0.11736 0.231087 0.231087 -0.11736 0.231087
internal_weight=81282.5 26652.8 54629.8 19190.6 7462.22 487.523 55.9685
internal_count=542008 108576 433432 78177 30399 3868 228
is_linear=0
shrinkage=0.1


Tree=4
num_leaves=4
num_cat=0
split_feature=2 4 0
split_gain=179786 2.91038e-11 1.45519e-11
threshold=1.0000000180025095e-35 16.137000000000004 3058.5000000000005
decision_type=2 2 2
left_child=2 -2 -1
right_child=1 -3 -4
leaf_value=-0.11543758288060056 0.20403992954591654 0.20403992954591654 -0.11543758288060056
leaf_weight=47024.851572558284 18068.414047032595 9064.9449689090252 3186.951352134347
leaf_count=405922 72302 36274 27510
internal_value=-0.00336208 0.20404 -0.115438
internal_weight=77345.2 27133.4 50211.8
internal_count=542008 108576 433432
is_linear=0
shrinkage=0.1


Tree=5
num_leaves=4
num_cat=0
split_feature=2 3 0
split_gain=151639 2.91038e-11 7.27596e-12
threshold=1.0000000180025095e-35 73.500000000000014 5339.5000000000009
decision_type=2 2 2
left_child=2 -2 -1
right_child=1 -3 -4
leaf_value=-0.11375452046214224 0.18483726453802632 0.18483726453802632 -0.11375452046214224
leaf_weight=45246.309223949909 26346.253710761666 615.08280418813229 824.84015762805939
leaf_count=425672 106099 2477 7760
internal_value=-0.00352366 0.184837 -0.113755
internal_weight=73032.5 26961.3 46071.1
internal_count=542008 108576 433432
is_linear=0
shrinkage=0.1


Tree=6
num_leaves=9
num_cat=0
split_feature=2 0 4 0 0 3 5 5
split_gain=129684 1.45519e-11 1.45519e-11 7.27596e-12 1.81899e-12 9.09495e-13 9.09495e-13 4.54747e-13
threshold=1.0000000180025095e-35 6684.5000000000009 6.3100000000000014 637.50000000000011 607.50000000000011 105.00000000000001 79.408207724468767 79.225258625221286
decision_type=2 2 2 2 2 2 2 2
left_child=3 2 6 4 -1 -3 -2 -6
right_child=1 5 -4 -5 7 -7 -8 -9
leaf_value=-0.11227559128676184 0.17052008528258536 0.17052008528258536 0.17052008528258536 -0.11227559128676184 -0.11227559128676184 0.17052008528258536 0.17052008528258536 -0.11227559128676184
leaf_weight=5632.87399533391 1794.4640580862761 1521.1350955963135 22994.314341291785 33952.955290697515 2588.4693947508931 4.8505583405494681 17.947065860033035 33.498870313167572
leaf_count=57844 7399 6272 94811 348663 26581 20 74 344
internal_value=-0.00362777 0.17052 0.17052 -0.112276 -0.112276 0.17052 0.17052 -0.112276
internal_weight=68540.5 26332.7 24806.7 42207.8 8254.84 1525.99 1812.41 2621.97
internal_count=542008 108576 102284 433432 84769 6292 7473 26925
is_linear=0
shrinkage=0.1


Tree=7
num_leaves=5
num_cat=0
split_feature=2 4 3 3
split_gain=112032 1.45519e-11 7.27596e-12 1.13687e-13
threshold=1.0000000180025095e-35 21.479166666666671 90.000000000000014 206.50000000000003
decision_type=2 2 2 2
left_child=2 -2 -1 -4
right_child=1 -3 3 -5
leaf_value=-0.11097189926840123 0.15946438707806043 0.15946438707806043 -0.11097189926840123 -0.11097189926840123
leaf_weight=38064.443610668182 21113.934605717659 4276.1037567853928 477.64091219007969 74.751114591956139
leaf_count=427232 90290 18286 5361 839
internal_value=-0.00369611 0.159464 -0.110972 -0.110972
internal_weight=64006.9 25390 38616.8 552.392
internal_count=542008 108576 433432 6200
is_linear=0
shrinkage=0.1


Tree=8
num_leaves=4
num_cat=0
split_feature=2 0 3
split_gain=97524.6 7.27596e-12 5.68434e-14
threshold=1.0000000180025095e-35 6684.5000000000009 113.50000000000001
decision_type=2 2 2
left_child=1 -1 -3
right_child=-2 2 -4
leaf_value=-0.10981944643221216 0.1506993423820053 -0.10981944643221216 -0.10981944643221216
leaf_weight=34974.910726189613 24238.932074546814 312.81393927335739 2.1169084906578055
leaf_count=429564 108576 3842 26
internal_value=-0.00374138 -0.109819 -0.109819
internal_weight=59528.8 35289.8 314.931
internal_count=542008 433432 3868
is_linear=0
shrinkage=0.1


Tree=9
num_leaves=2
num_cat=0
split_feature=2
split_gain=85402.2
threshold=1.0000000180025095e-35
decision_type=2
left_child=-1
right_child=-2
leaf_value=-0.10879818702299643 0.14360683066927346
leaf_weight=32215.94869863987 22958.216756343842
leaf_count=433432 108576
internal_value=-0.00377133
internal_weight=55174.2
internal_count=542008
is_linear=0
shrinkage=0.1


Tree=10
num_leaves=4
num_cat=0
split_feature=2 0 0
split_gain=75142.6 7.27596e-12 7.27596e-12
threshold=1.0000000180025095e-35 1664.5000000000002 1386.0000000000002
decision_type=2 2 2
left_child=1 -1 -2
right_child=2 -3 -4
leaf_value=-0.10789119007720749 0.1377734683645003 -0.10789119007720749 0.1377734683645003
leaf_weight=24074.2127308622 9318.230864405632 5308.4952518567443 12288.522671818733
leaf_count=355125 46825 78307 61751
internal_value=-0.00379094 -0.107891 0.137773
internal_weight=50989.5 29382.7 21606.8
internal_count=542008 433432 108576
is_linear=0
shrinkage=0.1


Tree=11
num_leaves=7
num_cat=0
split_feature=2 0 0 4 4 5
split_gain=66371.3 7.27596e-12 3.63798e-12 2.27374e-13 1.42109e-14 8.88178e-16
threshold=1.0000000180025095e-35 1559.0000000000002 581.00000000000011 33.177500000000009 58.898484848484848 1.8293293444939287
decision_type=2 2 2 2 2 2
left_child=2 -2 3 -1 -5 -6
right_child=1 -3 -4 4 5 -7
leaf_value=-0.10708412920511555 0.1329118787797739 0.1329118787797739 -0.10708412920511555 -0.10708412920511555 -0.10708412920511555 -0.10708412920511548
leaf_weight=1590.6682313084602 10061.786280930042 10166.489817321301 25118.633220925927 63.322779908776283 2.8418028056621543 1.2355664372444151
leaf_count=25748 54007 54569 406593 1025 46 20
internal_value=-0.00380346 0.132912 -0.107084 -0.107084 -0.107084 -0.107084
internal_weight=47005 20228.3 26776.7 1658.07 67.4001 4.07737
internal_count=542008 108576 433432 26839 1091 66
is_linear=0
shrinkage=0.1


Tree=12
num_leaves=7
num_cat=0
split_feature=2 0 0 3 3 5
split_gain=58811 3.63798e-12 2.27374e-13 1.13687e-13 5.68434e-14 5.68434e-14
threshold=1.0000000180025095e-35 4163.5000000000009 5339.5000000000009 113.50000000000001 123.50000000000001 1.5398777740205751
decision_type=2 2 2 2 2 2
left_child=1 -1 3 -3 5 -4
right_child=-2 2 4 -5 -6 -7
leaf_value=-0.10636473570064862 0.12881572910317762 -0.10636473570064862 -0.10636473570064862 -0.10636473570064862 -0.10636473570064862 -0.10636473570064862
leaf_weight=23288.539528012276 18854.964642047882 654.95659518241882 253.21762883663177 3.9943238496780387 2.5878717899322501 180.75721871852875
leaf_count=413959 108576 11642 4501 71 46 3213
internal_value=-0.00381108 -0.106365 -0.106365 -0.106365 -0.106365 -0.106365
internal_weight=43239 24384.1 1095.51 658.951 436.563 433.975
internal_count=542008 433432 19473 11713 7760 7714
is_linear=0
shrinkage=0.1


Tree=13
num_leaves=10
num_cat=0
split_feature=2 0 3 3 3 3 5 5 6
split_gain=52250.9 3.63798e-12 3.63798e-12 4.54747e-13 2.84217e-14 7.10543e-15 7.10543e-15 7.10543e-15 7.10543e-15
threshold=1.0000000180025095e-35 6684.5000000000009 111.00000000000001 51.500000000000007 206.50000000000003 52.500000000000007 79.123622157257813 0.51799215896389017 -1778.4999999999998
decision_type=2 2 2 2 2 2 2 2 2
left_child=2 -2 -1 -3 -4 -5 7 -6 -7
right_child=1 3 4 5 6 8 -8 -9 -10
leaf_value=-0.10572251225813972 0.12533295104995645 0.12533295104995645 -0.10572251225813972 0.12533295104995645 -0.10572251225813972 0.12533295104995645 -0.10572251225813972 -0.10572251225813972 0.12533295104995645
leaf_weight=22020.14214688167 16495.402412235737 976.81604562699795 127.68742664903402 3.8704944849014273 2.4062987379729739 5.4832005202770224 5.6317630037665358 34.916930623352528 28.544896826148033
leaf_count=430099 102284 6057 2494 24 47 34 110 682 177
internal_value=-0.0038153 0.125333 -0.105723 0.125333 -0.105723 0.125333 -0.105723 -0.105723 0.125333
internal_weight=39700.9 17510.1 22190.8 1014.71 170.642 37.8986 42.955 37.3232 34.0281
internal_count=542008 108576 433432 6292 3333 235 839 729 211
is_linear=0
shrinkage=0.1


Tree=14
num_leaves=7
num_cat=0
split_feature=2 0 3 4 4 6
split_gain=46527.2 3.63798e-12 3.63798e-12 2.84217e-14 7.10543e-15 7.10543e-15
threshold=1.0000000180025095e-35 6684.5000000000009 206.50000000000003 18.141428571428573 26.655769230769234 -1784.4999999999998
decision_type=2 2 2 2 2 2
left_child=1 -1 -2 -3 -5 -4
right_child=2 3 5 4 -6 -7
leaf_value=-0.10514839359902028 0.12234881311844144 -0.10514839359902028 0.12234881311844131 -0.10514839359902028 -0.10514839359902028 0.12234881311844144
leaf_weight=20002.970896795392 16178.859077006578 131.54825074598193 3.4338607937097576 32.27006646618247 16.298013366758823 27.918781235814095
leaf_count=429564 108366 2825 23 693 350 187
internal_value=-0.00381716 -0.105148 0.122349 -0.105148 -0.105148 0.122349
internal_weight=36393.3 20183.1 16210.2 180.116 48.5681 31.3526
internal_count=542008 433432 108576 3868 1043 210
is_linear=0
shrinkage=0.1


Tree=15
num_leaves=4
num_cat=0
split_feature=2 0 0
split_gain=41510.1 3.63798e-12 3.63798e-12
threshold=1.0000000180025095e-35 941.00000000000011 2200.0000000000005
decision_type=2 2 2
left_child=1 -1 -2
right_child=2 -3 -4
leaf_value=-0.10463454206014107 0.11977511723949462 -0.10463454206014107 0.11977511723949462
leaf_weight=9366.8311119899154 10252.235194802284 8980.6896087899804 4714.2417401075363
leaf_count=221277 74376 212155 34200
internal_value=-0.0038174 -0.104635 0.119775
internal_weight=33314 18347.5 14966.5
internal_count=542008 433432 108576
is_linear=0
shrinkage=0.1


Tree=16
num_leaves=10
num_cat=0
split_feature=2 0 0 3 5 3 4 4 4
split_gain=37095 3.63798e-12 3.63798e-12 4.54747e-13 5.68434e-14 7.10543e-15 3.55271e-15 3.55271e-15 1.77636e-15
threshold=1.0000000180025095e-35 6684.5000000000009 859.50000000000011 123.50000000000001 0.71063100406487123 206.50000000000003 33.434848484848494 15.856349206349208 20.981666666666673
decision_type=2 2 2 2 2 2 2 2 2
left_child=1 -1 3 -2 6 -5 7 -3 -9
right_child=2 4 -4 5 -6 -7 -8 8 -10
leaf_value=-0.10417411550944466 0.11754288866849112 -0.10417411550944462 0.11754288866849112 0.11754288866849108 -0.10417411550944466 0.11754288866849112 -0.10417411550944466 -0.10417411550944469 -0.10417411550944465
leaf_weight=16522.379430681467 2882.2678908705711 16.308370530605323 10872.24461196363 13.459048300981523 123.00511546432972 18.15701799094677 1.0000415891408909 4.5001871511340124 3.9617032185196877
leaf_count=429564 22700 424 85627 106 3198 143 26 117 103
internal_value=-0.00381654 -0.104174 0.117543 0.117543 -0.104174 0.117543 -0.104174 -0.104174 -0.104174
internal_weight=30457.3 16671.2 13786.1 2913.88 148.775 31.6161 25.7703 24.7703 8.46189
internal_count=542008 433432 108576 22949 3868 249 670 644 220
is_linear=0
shrinkage=0.1


Tree=17
num_leaves=2
num_cat=0
split_feature=2
split_gain=33196.7
threshold=1.0000000180025095e-35
decision_type=2
left_child=-1
right_child=-2
leaf_value=-0.10376115928849279 0.11559742489358052
leaf_weight=15141.65845233202 12673.323028564453
leaf_count=433432 108576
internal_value=-0.00381494
internal_weight=27815
internal_count=542008
is_linear=0
shrinkage=0.1


Tree=18
num_leaves=6
num_cat=0
split_feature=2 4 0 3 3
split_gain=29744.8 3.63798e-12 1.81899e-12 1.13687e-13 8.88178e-16
threshold=1.0000000180025095e-35 17.077500000000004 4822.0000000000009 111.00000000000001 206.50000000000003
decision_type=2 2 2 2 2
left_child=2 -2 -1 -4 -5
right_child=1 -3 3 4 -6
leaf_value=-0.10339046295974391 0.11389472036782314 0.11389472036782314 -0.10339046295974391 -0.10339046295974391 -0.10339046295974377
leaf_weight=13256.117683172226 8182.9041810706258 3447.0062104985118 487.24345809221268 2.8545704483985892 1.1418281793594363
leaf_count=417944 76395 32181 15362 90 36
internal_value=-0.00381287 0.113895 -0.10339 -0.10339 -0.10339
internal_weight=25377.3 11629.9 13747.4 491.24 3.9964
internal_count=542008 108576 433432 15488 126
is_linear=0
shrinkage=0.1


Tree=19
num_leaves=8
num_cat=0
split_feature=2 0 0 5 0 3 5
split_gain=26680.6 1.81899e-12 1.81899e-12 1.81899e-12 2.27374e-13 5.68434e-14 4.44089e-16
threshold=1.0000000180025095e-35 5339.5000000000009 752.00000000000011 0.091070887416643959 652.00000000000011 101.50000000000001 1.0274275351612301
decision_type=2 2 2 2 2 2 2
left_child=1 3 4 -1 -2 -3 -7
right_child=2 5 -4 -5 -6 6 -8
leaf_value=-0.10305744128333505 0.11239897863631171 -0.10305744128333505 0.11239897863631171 -0.10305744128333505 0.11239897863631171 -0.10305744128333499 -0.10305744128333501
leaf_weight=175.71674683690071 971.61972150206566 220.68227084726095 9170.2254462614655 12078.165798962116 514.17330514639616 0.74846582859754507 1.9575260132551191
leaf_count=6104 9900 7666 93437 419568 5239 26 68
internal_value=-0.00381053 -0.103057 0.112399 -0.103057 0.112399 -0.103057 -0.103057
internal_weight=23133.3 12477.3 10656 12253.9 1485.79 223.388 2.70599
internal_count=542008 433432 108576 425672 15139 7760 94
is_linear=0
shrinkage=0.1


Tree=20
num_leaves=5
num_cat=0
split_feature=2 0 0 4
split_gain=23954.8 1.81899e-12 1.81899e-12 5.68434e-14
threshold=1.0000000180025095e-35 5339.5000000000009 4163.5000000000009 27.373863636363641
decision_type=2 2 2 2
left_child=1 -1 -2 -3
right_child=2 3 -4 -5
leaf_value=-0.1027580356865887 0.11108081586111207 -0.1027580356865887 0.11108081586111207 -0.1027580356865887
leaf_weight=11118.431154415011 7724.5418701171875 185.00593853183091 2025.9680128097534 17.683046786114573
leaf_count=425672 86016 7083 22560 677
internal_value=-0.00380803 -0.102758 0.111081 -0.102758
internal_weight=21071.6 11321.1 9750.51 202.689
internal_count=542008 433432 108576 7760
is_linear=0
shrinkage=0.1


Tree=21
num_leaves=5
num_cat=0
split_feature=2 3 3 3
split_gain=21525.3 1.81899e-12 2.27374e-13 7.10543e-15
threshold=1.0000000180025095e-35 28.500000000000004 148.50000000000003 206.50000000000003
decision_type=2 2 2 2
left_child=1 -1 -3 -4
right_child=-2 2 3 -5
leaf_value=-0.10248870606718311 0.10991584237914059 -0.10248870606718311 -0.10248870606718308 -0.10248870606718311
leaf_weight=8636.2078570127487 8911.3403942584991 1601.9101283401251 11.325273126363756 19.878460571169853
leaf_count=364504 108576 67611 478 839
internal_value=-0.0038055 -0.102489 -0.102489 -0.102489
internal_weight=19180.7 10269.3 1633.11 31.2037
internal_count=542008 433432 68928 1317
is_linear=0
shrinkage=0.1


Tree=22
num_leaves=4
num_cat=0
split_feature=2 0 4
split_gain=19356.4 1.81899e-12 2.84217e-14
threshold=1.0000000180025095e-35 5339.5000000000009 8.0033333333333356
decision_type=2 2 2
left_child=1 -1 -3
right_child=-2 2 -4
leaf_value=-0.1022462694809062 0.10888370477615938 -0.1022462694809062 -0.1022462694809062
leaf_weight=9146.2403973042965 8135.8331773281097 24.236875265836716 142.49907514452934
leaf_count=425672 108576 1128 6632
internal_value=-0.00380298 -0.102246 -0.102246
internal_weight=17448.8 9312.98 166.736
internal_count=542008 433432 7760
is_linear=0
shrinkage=0.1


Tree=23
num_leaves=7
num_cat=0
split_feature=2 0 6 0 6 4
split_gain=17417.4 1.81899e-12 9.09495e-13 4.54747e-13 2.27374e-13 1.13687e-13
threshold=1.0000000180025095e-35 2071.0000000000005 -1644.4999999999998 5339.5000000000009 -1704.4999999999998 36.790909090909096
decision_type=2 2 2 2 2 2
left_child=-1 2 4 -3 -2 -5
right_child=1 3 -4 5 -6 -7
leaf_value=-0.10202795245766483 0.10796721406189279 0.10796721406189279 0.10796721406189279 0.10796721406189279 0.10796721406189279 0.10796721406189279
leaf_weight=8443.8428009599447 900.20480822771788 1953.1662595644593 3797.1132279932499 725.91870535165071 38.137900158762932 6.3563166931271544
leaf_count=433432 13171 28577 55556 10621 558 93
internal_value=-0.00380053 0.107967 0.107967 0.107967 0.107967 0.107967
internal_weight=15864.7 7420.9 4735.46 2685.44 938.343 732.275
internal_count=542008 108576 69285 39291 13729 10714
is_linear=0
shrinkage=0.1


Tree=24
num_leaves=13
num_cat=0
split_feature=2 0 0 3 3 3 3 5 3 6 4 5
split_gain=15681.6 9.09495e-13 9.09495e-13 9.09495e-13 5.68434e-14 2.84217e-14 2.84217e-14 1.77636e-15 8.88178e-16 8.88178e-16 2.22045e-16 2.22045e-16
threshold=1.0000000180025095e-35 3482.0000000000005 507.50000000000006 75.500000000000014 78.500000000000014 92.000000000000014 206.50000000000003 79.235366785143825 86.000000000000014 -129.49999999999997 13.90769230769231 0.87921755112719457
decision_type=2 2 2 2 2 2 2 2 2 2 2 2
left_child=1 2 5 -2 -3 -1 -5 -8 11 -9 -7 -6
right_child=3 4 -4 6 8 10 7 9 -10 -11 -12 -13
leaf_value=-0.10183124811465434 0.107151820733183 -0.10183124811465434 -0.10183124811465434 0.107151820733183 -0.10183124811465437 -0.10183124811465434 0.107151820733183 0.10715182073318297 -0.10183124811465433 0.10715182073318293 -0.10183124811465426 -0.10183124811465415
leaf_weight=157.80775755643845 6623.6593171358109 407.51698896288872 7079.6275656670332 126.44850675016642 0.49447372555732616 0.65341170877218147 7.5993683859705907 4.1734236218035221 6.5870964154601097 1.3080880008637903 1.1125658825039861 0.51213350147008896
leaf_count=8936 106336 23076 400890 2030 28 37 122 67 373 21 63 29
internal_value=-0.00379817 -0.101831 -0.101831 0.107152 -0.101831 -0.101831 0.107152 0.107152 -0.101831 0.107152 -0.101831 -0.101831
internal_weight=14417.5 7654.31 7239.2 6763.19 415.111 159.574 139.529 13.0809 7.5937 5.48151 1.76598 1.00661
internal_count=542008 433432 409926 108576 23506 9036 2240 210 430 88 100 57
is_linear=0
shrinkage=0.1


Tree=25
num_leaves=6
num_cat=0
split_feature=2 0 0 3 3
split_gain=14126 9.09495e-13 9.09495e-13 4.54747e-13 5.68434e-14
threshold=1.0000000180025095e-35 4163.5000000000009 1060.5000000000002 10.500000000000002 137.00000000000003
decision_type=2 2 2 2 2
left_child=1 -1 3 -2 -3
right_child=2 4 -4 -5 -6
leaf_value=-0.10165394252496485 0.10642512098550197 -0.10165394252496485 0.10642512098550197 0.10642512098550197 -0.10165394252496485
leaf_weight=6625.6945015806705 1013.2084582410753 310.52616086415946 4207.6996910348535 938.32826313003898 1.1524088233709324
leaf_count=413959 17861 19401 74174 16541 72
internal_value=-0.00379593 -0.101654 0.106425 0.106425 -0.101654
internal_weight=13096.6 6937.37 6159.24 1951.54 311.679
internal_count=542008 433432 108576 34402 19473
is_linear=0
shrinkage=0.1


Tree=26
num_leaves=5
num_cat=0
split_feature=2 1 4 3
split_gain=12730.6 9.09495e-13 9.09495e-13 1.42109e-14
threshold=1.0000000180025095e-35 3.7500000000000004 39.837500000000013 75.500000000000014
decision_type=2 2 2 2
left_child=2 3 -1 -2
right_child=1 -3 -4 -5
leaf_value=-0.10149408440560759 0.10577645365433248 0.10577645365433248 -0.10149408440560759 0.10577645365433248
leaf_weight=6181.089746363461 66.651470392942429 5537.5445878207684 105.48895066231489 1.3423224091529835
leaf_count=426159 1291 107259 7273 26
internal_value=-0.00379382 0.105776 -0.101494 0.105776
internal_weight=11892.1 5605.54 6286.58 67.9938
internal_count=542008 108576 433432 1317
is_linear=0
shrinkage=0.1


Tree=27
num_leaves=9
num_cat=0
split_feature=2 0 0 4 3 3 5 3
split_gain=11477.6 9.09495e-13 9.09495e-13 2.27374e-13 2.84217e-14 2.84217e-14 1.77636e-15 2.22045e-16
threshold=1.0000000180025095e-35 5059.0000000000009 2698.0000000000005 42.026666666666671 113.50000000000001 72.500000000000014 0.87921755112719457 206.50000000000003
decision_type=2 2 2 2 2 2 2 2
left_child=1 -1 -2 -4 5 -3 -5 -6
right_child=2 4 3 6 7 -7 -8 -9
leaf_value=-0.10134987930826889 0.10519664380941562 -0.10134987930826889 0.10519664380941562 0.10519664380941562 -0.10134987930826891 -0.10134987930826889 0.10519664380941561 -0.10134987930826862
leaf_weight=5541.7564312387258 3671.1199816837907 150.57706580869853 1419.9956141337752 3.8036854639649382 0.81478251703083404 2.4969141650944939 3.7097673043608665 0.36796629801392555
leaf_count=421694 78177 11458 30239 81 62 190 79 28
internal_value=-0.00379184 -0.10135 0.105197 0.105197 -0.10135 -0.10135 0.105197 -0.10135
internal_weight=10794.6 5696.01 5098.63 1427.51 154.257 153.074 7.51345 1.18275
internal_count=542008 433432 108576 30399 11738 11648 160 90
is_linear=0
shrinkage=0.1


Tree=28
num_leaves=11
num_cat=0
split_feature=2 0 3 3 3 3 5 5 5 5
split_gain=10351.8 9.09495e-13 9.09495e-13 1.13687e-13 7.10543e-15 3.55271e-15 3.55271e-15 2.22045e-16 1.11022e-16 1.11022e-16
threshold=1.0000000180025095e-35 607.50000000000011 108.00000000000001 71.500000000000014 206.50000000000003 206.50000000000003 78.699011726938281 79.03965551687574 78.517884688580082 0.96079501636392883
decision_type=2 2 2 2 2 2 2 2 2 2
left_child=1 3 -2 -1 -4 6 -5 8 9 -7
right_child=2 -3 4 5 -6 7 -8 -9 -10 -11
leaf_value=-0.10121977501475535 0.10467775132147239 -0.10121977501475535 0.10467775132147239 -0.10121977501475535 0.10467775132147239 -0.10121977501475493 -0.10121977501475531 -0.10121977501475497 -0.10121977501475495 -0.10121977501475497
leaf_weight=672.05733968410641 4596.6256763190031 4471.5880192257464 29.54162535071373 12.012716890312729 8.9649441093206388 0.39288370404392547 3.4168976685032257 0.26192246936261654 0.2500169025734067 0.27382803615182638
leaf_count=56449 107674 375588 692 1009 210 33 287 22 21 23
internal_value=-0.00379 -0.10122 0.104678 -0.10122 0.104678 -0.10122 -0.10122 -0.10122 -0.10122 -0.10122
internal_weight=9795.39 5160.25 4635.13 688.666 38.5066 16.6083 15.4296 1.17865 0.916729 0.666712
internal_count=542008 433432 108576 57844 902 1395 1296 99 77 56
is_linear=0
shrinkage=0.1


Tree=29
num_leaves=5
num_cat=0
split_feature=2 0 0 3
split_gain=9339.35 9.09495e-13 9.09495e-13 5.68434e-14
threshold=1.0000000180025095e-35 2411.0000000000005 1604.0000000000002 88.500000000000014
decision_type=2 2 2 2
left_child=1 -1 -2 -3
right_child=2 3 -4 -5
leaf_value=-0.10110235597609066 0.10421285398620812 -0.10110235597609066 0.10421285398620812 -0.10110235597609066
leaf_weight=4288.0806050300598 2192.9069149158895 380.06653827428818 2018.8894657231867 6.1902897953987113
leaf_count=397616 56531 35242 52045 574
internal_value=-0.00378828 -0.101102 0.104213 -0.101102
internal_weight=8886.13 4674.34 4211.8 386.257
internal_count=542008 433432 108576 35816
is_linear=0
shrinkage=0.1


Tree=30
num_leaves=5
num_cat=0
split_feature=2 0 3 3
split_gain=8428.42 9.09495e-13 2.84217e-14 3.55271e-15
threshold=1.0000000180025095e-35 607.50000000000011 35.500000000000007 116.50000000000001
decision_type=2 2 2 2
left_child=-1 2 -2 -4
right_child=1 -3 3 -5
leaf_value=-0.10099635562668718 0.10379592374022449 0.10379592374022449 0.10379592374022446 0.10379592374022449
leaf_weight=4233.7286019101739 177.57710963487625 3618.9439805410802 28.045908585190777 0.95130594447255035
leaf_count=433432 5040 102713 796 27
internal_value=-0.0037867 0.103796 0.103796 0.103796
internal_weight=8059.25 3825.52 206.574 28.9972
internal_count=542008 108576 5863 823
is_linear=0
shrinkage=0.1


Tree=31
num_leaves=4
num_cat=0
split_feature=2 3 0
split_gain=7608.31 9.09495e-13 4.54747e-13
threshold=1.0000000180025095e-35 5.5000000000000009 2411.0000000000005
decision_type=2 2 2
left_child=2 -2 -1
right_child=1 -3 -4
leaf_value=-0.10090064083634349 0.10342167598296226 0.10342167598296226 -0.10090064083634349
leaf_weight=3517.4447526186705 1139.1362560801208 2334.2232356257737 316.84037176519632
leaf_count=397616 35609 72967 35816
internal_value=-0.00378524 0.103422 -0.100901
internal_weight=7307.64 3473.36 3834.29
internal_count=542008 108576 433432
is_linear=0
shrinkage=0.1


Tree=32
num_leaves=8
num_cat=0
split_feature=2 0 0 3 5 3 5
split_gain=6869.61 4.54747e-13 4.54747e-13 4.54747e-13 1.13687e-13 1.42109e-14 7.10543e-15
threshold=1.0000000180025095e-35 5339.5000000000009 716.00000000000011 111.00000000000001 0.2932799488633589 32.500000000000007 0.28333902002581624
decision_type=2 2 2 2 2 2 2
left_child=1 2 4 -2 6 -3 -1
right_child=3 5 -4 -5 -6 -7 -8
leaf_value=-0.10081419412336341 0.10308548335041562 -0.10081419412336341 -0.10081419412336341 0.10308548335041562 -0.10081419412336341 -0.10081419412336341 -0.10081419412336341
leaf_weight=57.719330475665629 3128.9178574346006 54.106364751234651 2553.1170495385304 23.63485399261117 796.71101380512118 8.0590765383094531 2.5154572892934075
leaf_count=7205 107762 6754 318701 814 99452 1006 314
internal_value=-0.0037839 -0.100814 -0.100814 0.103085 -0.100814 -0.100814 -0.100814
internal_weight=6624.78 3472.23 3410.06 3152.55 856.946 62.1654 60.2348
internal_count=542008 433432 425672 108576 106971 7760 7519
is_linear=0
shrinkage=0.1


Tree=33
num_leaves=6
num_cat=0
split_feature=2 0 0 3 6
split_gain=6203.94 4.54747e-13 4.54747e-13 2.84217e-14 8.88178e-16
threshold=1.0000000180025095e-35 507.50000000000006 6684.5000000000009 66.500000000000014 -45.499999999999993
decision_type=2 2 2 2 2
left_child=1 -1 -2 -4 -5
right_child=2 -3 3 4 -6
leaf_value=-0.10073611645880937 0.10278326293711654 -0.10073611645880937 0.10278326293711654 0.10278326293711651 0.10278326293711654
leaf_weight=65.547091897577047 2694.7409141510725 3078.566136892885 161.23552456498146 3.4512832872569561 1.0801726318895806
leaf_count=9036 102284 424396 6120 131 41
internal_value=-0.00378266 -0.100736 0.102783 0.102783 0.102783
internal_weight=6004.62 3144.11 2860.51 165.767 4.53146
internal_count=542008 433432 108576 6292 172
is_linear=0
shrinkage=0.1


Tree=34
num_leaves=8
num_cat=0
split_feature=2 0 0 5 3 4 4
split_gain=5603.82 9.09495e-13 4.54747e-13 4.54747e-13 3.55271e-15 1.11022e-16 5.55112e-17
threshold=1.0000000180025095e-35 829.00000000000011 6684.5000000000009 0.62034031490565456 56.500000000000007 15.286607142857145 26.022500000000004
decision_type=2 2 2 2 2 2 2
left_child=2 -2 3 -1 -4 -6 -7
right_child=1 -3 4 -5 5 6 -8
leaf_value=-0.1006655756891528 0.10251140315797505 0.10251140315797505 -0.10066557568915278 -0.1006655756891528 -0.1006655756891528 -0.10066557568915246 -0.10066557568915213
leaf_weight=619.99116879422218 484.13685103133321 2110.6722484640777 24.439717560075227 2201.407066619955 0.50573992263525624 0.30869839433580637 0.15106517169624567
leaf_count=94395 20258 88318 3721 335169 77 47 23
internal_value=-0.00378152 0.102511 -0.100666 -0.100666 -0.100666 -0.100666 -0.100666
internal_weight=5441.61 2594.81 2846.8 2821.4 25.4052 0.965503 0.459764
internal_count=542008 108576 433432 429564 3868 147 70
is_linear=0
shrinkage=0.1


Tree=35
num_leaves=5
num_cat=0
split_feature=2 0 0 0
split_gain=5062.62 4.54747e-13 4.54747e-13 2.27374e-13
threshold=1.0000000180025095e-35 2071.0000000000005 2089.0000000000005 588.00000000000011
decision_type=2 2 2 2
left_child=1 -1 3 -2
right_child=2 -3 -4 -5
leaf_value=-0.10060183818433684 0.10226671566478072 -0.10060183818433684 0.10226671566478072 0.10226671566478072
leaf_weight=2264.2542657675222 75.488477993756533 313.18918339442462 814.35660985857248 1463.3667946197093
leaf_count=380765 3483 52667 37574 67519
internal_value=-0.00378049 -0.100602 0.102267 0.102267
internal_weight=4930.66 2577.44 2353.21 1538.86
internal_count=542008 433432 108576 71002
is_linear=0
shrinkage=0.1


Tree=36
num_leaves=10
num_cat=0
split_feature=2 0 0 3 3 5 5 5 5
split_gain=4574.38 4.54747e-13 2.27374e-13 2.84217e-14 1.77636e-15 1.77636e-15 8.88178e-16 8.88178e-16 2.22045e-16
threshold=1.0000000180025095e-35 5339.5000000000009 702.50000000000011 41.500000000000007 105.00000000000001 1.3678891811425025 79.170697175954402 79.116072799495996 79.204509145759133
decision_type=2 2 2 2 2 2 2 2 2
left_child=-1 2 -2 -3 5 -5 7 -7 -8
right_child=1 3 -4 4 -6 6 8 -9 -10
leaf_value=-0.10054424064672614 0.10204635897428121 0.10204635897428121 0.10204635897428121 0.10204635897428126 0.10204635897428078 0.1020463589742811 0.10204635897428108 0.10204635897428116 0.10204635897428108
leaf_weight=2333.4352189078927 216.28000703454018 195.9214673936367 1706.8159450292587 9.0198549181222862 0.43232420086860734 1.9847611039876949 0.56988190114498116 1.886505603790283 0.72709070146083832
leaf_count=433432 11006 9970 86856 459 22 101 29 96 37
internal_value=-0.00377954 0.102046 0.102046 0.102046 0.102046 0.102046 0.102046 0.102046 0.102046
internal_weight=4467.07 2133.64 1923.1 210.542 14.6204 14.1881 5.16824 3.87127 1.29697
internal_count=542008 108576 97862 10714 744 722 263 197 66
is_linear=0
shrinkage=0.1


Tree=37
num_leaves=12
num_cat=0
split_feature=2 3 0 0 3 0 6 4 4 4 4
split_gain=4133.79 4.54747e-13 2.27374e-13 2.27374e-13 5.68434e-14 2.84217e-14 3.55271e-15 4.44089e-16 4.44089e-16 2.22045e-16 2.22045e-16
threshold=1.0000000180025095e-35 68.500000000000014 5059.0000000000009 592.50000000000011 88.500000000000014 507.50000000000006 -6.4999999999999991 16.229670329670331 12.867708333333335 9.6514705882352967 7.2055555555555566
decision_type=2 2 2 2 2 2 2 2 2 2 2
left_child=1 -1 3 5 -4 6 -2 8 9 10 -8
right_child=2 -3 4 -5 -6 -7 7 -9 -10 -11 -12
leaf_value=-0.10049217518654351 0.10184783457686071 -0.10049217518654351 0.10184783457686071 0.10184783457686071 0.10184783457686071 0.10184783457686071 0.10184783457686059 0.10184783457686063 0.10184783457686053 0.10184783457686059 0.10184783457686045
leaf_weight=2056.9355232715607 10.545855551958082 55.482205808162689 263.41480751149356 1590.5359101556242 0.99758093059062858 65.377178844064474 0.60567413643002488 1.0332088209688661 0.53441835567355145 0.7125578075647353 0.40972073934972286
leaf_count=422048 592 11384 14787 89286 56 3670 34 58 30 40 23
internal_value=-0.00377868 -0.100492 0.101848 0.101848 0.101848 0.101848 0.101848 0.101848 0.101848 0.101848 0.101848
internal_weight=4046.58 2112.42 1934.17 1669.75 264.412 79.2186 13.8414 3.29558 2.26237 1.72795 1.01539
internal_count=542008 433432 108576 93733 14843 4447 777 185 127 97 57
is_linear=0
shrinkage=0.1


Tree=38
num_leaves=8
num_cat=0
split_feature=2 3 0 4 0 6 6
split_gain=3736.11 4.54747e-13 2.27374e-13 5.68434e-14 3.55271e-15 3.55271e-15 2.22045e-16
threshold=1.0000000180025095e-35 90.000000000000014 702.50000000000011 11.632795698924733 5339.5000000000009 -14.499999999999998 -2.4999999999999996
decision_type=2 2 2 2 2 2 2
left_child=2 -2 3 -1 5 -3 -7
right_child=1 4 -4 -5 -6 6 -8
leaf_value=-0.10044512520195184 0.10166890686559926 0.10166890686559925 -0.10044512520195184 -0.10044512520195184 0.10166890686559926 0.10166890686559918 0.10166890686559833
leaf_weight=182.28071160055697 1728.5046844799072 22.587762160226706 1459.8736718581058 270.09010754851624 0.43593250773847003 1.1140497419983146 0.38749556243419903
leaf_count=41316 107057 1399 330897 61219 27 69 24
internal_value=-0.00377789 0.101669 -0.100445 -0.100445 0.101669 0.101669 0.101669
internal_weight=3665.27 1753.03 1912.24 452.371 24.5252 24.0893 1.50155
internal_count=542008 108576 433432 102535 1519 1492 93
is_linear=0
shrinkage=0.1


Tree=39
num_leaves=5
num_cat=0
split_feature=2 0 0 4
split_gain=3377.05 2.27374e-13 5.68434e-14 2.84217e-14
threshold=1.0000000180025095e-35 4163.5000000000009 6684.5000000000009 10.605000000000002
decision_type=2 2 2 2
left_child=-1 -2 3 -3
right_child=1 2 -4 -5
leaf_value=-0.10040258849700179 0.10150757245774183 0.10150757245774183 0.10150757245774183 0.10150757245774183
leaf_weight=1730.9662063755095 1258.5193519592285 91.737773632630706 92.05966055765748 146.28297620080411
leaf_count=433432 86016 6270 6292 9998
internal_value=-0.00377718 0.101508 0.101508 0.101508
internal_weight=3319.57 1588.6 330.08 238.021
internal_count=542008 108576 22560 16268
is_linear=0
shrinkage=0.1


Tree=40
num_leaves=7
num_cat=0
split_feature=2 0 5 0 3 5
split_gain=3052.82 2.27374e-13 2.27374e-13 1.42109e-14 1.42109e-14 5.55112e-17
threshold=1.0000000180025095e-35 2698.0000000000005 0.70529206962225566 5339.5000000000009 123.50000000000001 0.7948884626358651
decision_type=2 2 2 2 2 2
left_child=1 2 -1 4 -3 -6
right_child=-2 3 -4 -5 5 -7
leaf_value=-0.10036412774292199 0.10136205630444384 -0.10036412774292199 -0.10036412774292199 -0.10036412774292199 -0.10036412774292199 -0.10036412774292165
leaf_weight=410.35241093253717 1439.3830970227718 85.889983735978603 1042.1245728665963 28.051610849797726 0.093987355940042927 0.3000365593470633
leaf_count=113517 108576 23760 288286 7760 26 83
internal_value=-0.00377652 -0.100364 -0.100364 -0.100364 -0.100364 -0.100364
internal_weight=3006.2 1566.81 1452.48 114.336 86.284 0.394024
internal_count=542008 433432 401803 31629 23869 109
is_linear=0
shrinkage=0.1


Tree=41
num_leaves=10
num_cat=0
split_feature=2 0 0 3 3 4 3 3 4
split_gain=2759.96 2.27374e-13 2.27374e-13 3.55271e-15 3.55271e-15 3.55271e-15 1.77636e-15 1.11022e-16 5.55112e-17
threshold=1.0000000180025095e-35 5339.5000000000009 581.00000000000011 15.500000000000002 77.500000000000014 29.743750000000002 92.000000000000014 206.50000000000003 22.293750000000003
decision_type=2 2 2 2 2 2 2 2 2
left_child=1 -1 3 5 -3 -2 -5 8 -6
right_child=2 4 -4 6 7 -7 -8 -9 -10
leaf_value=-0.10032936006801106 0.10123075240951099 -0.10032936006801106 0.10123075240951103 0.10123075240951106 -0.10032936006801106 0.10123075240951103 0.10123075240951072 -0.10032936006800984 -0.10032936006800997
leaf_weight=1392.7864951658994 17.630858682096012 24.857164680259306 1273.3611450344324 11.19343344122171 0.35991682438179751 1.237042536959051 0.5884959641844042 0.081799278268590569 0.091615191660821438
leaf_count=425672 1468 7597 106024 932 110 103 49 25 28
internal_value=-0.00377593 -0.100329 0.101231 0.101231 -0.100329 0.101231 0.101231 -0.100329 -0.100329
internal_weight=2722.19 1418.18 1304.01 30.6498 25.3905 18.8679 11.7819 0.533331 0.451532
internal_count=542008 433432 108576 2552 7760 1571 981 163 138
is_linear=0
shrinkage=0.1


Tree=42
num_leaves=9
num_cat=0
split_feature=2 0 0 3 5 4 5 5
split_gain=2495.4 4.54747e-13 2.27374e-13 2.84217e-14 2.84217e-14 1.42109e-14 4.44089e-16 1.11022e-16
threshold=1.0000000180025095e-35 1693.5000000000002 702.50000000000011 81.000000000000014 78.79706563233843 17.147222222222226 0.69456936733010133 0.64756086839157245
decision_type=2 2 2 2 2 2 2 2
left_child=1 -1 5 4 -3 -2 7 -5
right_child=2 3 -4 6 -6 -7 -8 -9
leaf_value=-0.10029791330960909 0.10111226649401839 -0.10029791330960909 0.10111226649401839 -0.10029791330960901 -0.10029791330960909 0.10111226649401839 -0.10029791330960905 -0.10029791330960847
leaf_weight=1064.3273224309087 80.310948422178626 181.09171495959163 1061.4927170891315 0.57156619057059233 34.664156790822744 39.426561512053013 2.7808323986828327 0.16584303975105286
leaf_count=359390 7382 61149 97570 193 11705 3624 939 56
internal_value=-0.00377538 -0.100298 0.101112 -0.100298 -0.100298 0.101112 -0.100298 -0.100298
internal_weight=2464.83 1283.6 1181.23 219.274 215.756 119.738 3.51824 0.737409
internal_count=542008 433432 108576 74042 72854 11006 1188 249
is_linear=0
shrinkage=0.1


Tree=43
num_leaves=5
num_cat=0
split_feature=2 0 0 4
split_gain=2256.37 2.27374e-13 2.27374e-13 7.10543e-15
threshold=1.0000000180025095e-35 2089.0000000000005 6684.5000000000009 16.797368421052635
decision_type=2 2 2 2
left_child=1 -1 -2 -4
right_child=2 -3 3 -5
leaf_value=-0.10026948045856239 0.1010052992614454 -0.10026948045856239 0.1010052992614454 0.1010052992614454
leaf_weight=1031.8075977489352 1007.8950159288943 129.95562925189734 45.554521319456398 16.446138023398817
leaf_count=384948 102284 48484 4623 1669
internal_value=-0.00377489 -0.100269 0.101005 0.101005
internal_weight=2231.66 1161.76 1069.9 62.0007
internal_count=542008 433432 108576 6292
is_linear=0
shrinkage=0.1


Tree=44
num_leaves=21
num_cat=0
split_feature=2 0 3 0 4 4 3 3 3 3 5 5 3 5 6 5 5 3 3 4
split_gain=2040.37 2.27374e-13 2.27374e-13 1.13687e-13 2.84217e-14 1.42109e-14 3.55271e-15 1.77636e-15 1.77636e-15 1.77636e-15 1.77636e-15 1.77636e-15 8.88178e-16 8.88178e-16 4.44089e-16 2.22045e-16 1.11022e-16 5.55112e-17 5.55112e-17 2.77556e-17
threshold=1.0000000180025095e-35 6684.5000000000009 79.500000000000014 3058.5000000000005 15.773214285714287 36.790909090909096 123.50000000000001 116.50000000000001 52.500000000000007 45.500000000000007 79.408207724468767 79.265857370650096 137.00000000000003 1.7748309208066377 -124.49999999999999 1.0371921698151825 78.629593230645426 83.000000000000014 74.500000000000014 13.303571428571431
decision_type=2 2 2 2 2 2 2 2 2 2 2 2 2 2 2 2 2 2 2 2
left_child=1 2 -1 -2 -5 -6 10 8 9 -3 11 -4 15 -14 -7 -8 -17 18 19 -10
right_child=3 7 6 4 5 14 12 -9 17 -11 -12 -13 13 -15 -16 16 -18 -19 -20 -21
leaf_value=-0.10024378162502721 0.10090872214424906 -0.10024378162502726 -0.10024378162502721 0.10090872214424906 0.10090872214424906 0.10090872214424891 -0.10024378162502721 -0.10024378162502386 -0.10024378162502504 -0.10024378162502619 -0.10024378162502659 -0.10024378162502696 -0.10024378162502717 -0.10024378162502717 0.10090872214424905 -0.10024378162502681 -0.10024378162502678 -0.10024378162502541 -0.10024378162502567 -0.10024378162502652
leaf_weight=1023.256733455928 718.09101477731019 8.8011650620028306 12.456996304681523 181.10011760238558 67.09262721799314 0.68716843519359838 0.49973539216443796 0.053369799163193288 0.082480598706752839 0.17709069722332138 0.2862561955116697 0.77386208786629218 2.3070308638270944 1.9989415686577556 1.9901111824437967 0.26199719589203596 0.237738196272403 0.055795699125155807 0.06549929897300899 0.14797989767976105
leaf_count=421805 80465 3628 5135 20293 7518 77 206 22 34 73 118 319 951 824 223 108 98 23 27 61
internal_value=-0.00377444 -0.100244 -0.100244 0.100909 0.100909 0.100909 -0.100244 -0.100244 -0.100244 -0.100244 -0.100244 -0.100244 -0.100244 -0.100244 0.100909 -0.100244 -0.100244 -0.100244 -0.100244 -0.100244
internal_weight=2020.42 1051.46 1042.08 968.961 250.87 69.7699 18.8226 9.38338 9.33001 8.97826 13.5171 13.2309 5.30544 4.30597 2.67728 0.999471 0.499735 0.351755 0.29596 0.23046
internal_count=542008 433432 429564 108576 28111 7818 7759 3868 3846 3701 5572 5454 2187 1775 300 412 206 145 122 95
is_linear=0
shrinkage=0.1


Tree=45
num_leaves=6
num_cat=0
split_feature=2 0 0 3 3
split_gain=1845.16 1.13687e-13 1.13687e-13 3.55271e-15 1.77636e-15
threshold=1.0000000180025095e-35 6684.5000000000009 1198.0000000000002 105.00000000000001 73.500000000000014
decision_type=2 2 2 2 2
left_child=1 2 -1 4 -3
right_child=-2 3 -4 -5 -6
leaf_value=-0.10022052609604758 0.10082149489576318 -0.10022052609604762 -0.10022052609604758 -0.10022052609604495 -0.10022052609604577
leaf_weight=619.99748174403794 877.47215732932091 8.3254439793527073 323.12251233472489 0.06806138274259943 0.098798781400547209
leaf_count=282391 108576 3792 147173 31 45
internal_value=-0.00377404 -0.100221 -0.100221 -0.100221 -0.100221
internal_weight=1829.08 951.612 943.12 8.4923 8.42424
internal_count=542008 433432 429564 3868 3837
is_linear=0
shrinkage=0.1


Tree=46
num_leaves=13
num_cat=0
split_feature=2 0 0 4 0 3 3 3 3 3 3 4
split_gain=1668.71 2.27374e-13 1.13687e-13 1.42109e-14 3.55271e-15 1.77636e-15 1.77636e-15 1.77636e-15 1.77636e-15 8.88178e-16 5.55112e-17 5.55112e-17
threshold=1.0000000180025095e-35 5059.0000000000009 5339.5000000000009 21.601923076923082 5339.5000000000009 206.50000000000003 101.50000000000001 76.500000000000014 57.500000000000007 47.500000000000007 99.000000000000014 11.404166666666669
decision_type=2 2 2 2 2 2 2 2 2 2 2 2
left_child=1 -1 -2 -4 9 6 7 8 -6 -3 -11 -10
right_child=2 4 3 -5 5 -7 -8 -9 11 10 -12 -13
leaf_value=-0.10019949459026917 0.10074271023216193 -0.10019949459026911 0.10074271023216193 0.10074271023216193 -0.10019949459026922 -0.10019949459026559 -0.10019949459026788 -0.10019949459026792 -0.10019949459026645 -0.10019949459026894 -0.10019949459026795 -0.10019949459026876
leaf_weight=837.90263808425516 716.15391840320081 7.4214154179208007 70.406458573881537 7.9985717930831006 14.773286113049826 0.049674801994115891 0.13710245350375849 0.14306342974305231 0.065570738632232728 0.40137240011245001 0.081466675270348787 0.25036100205034018
leaf_count=421694 97862 3735 9621 1093 7435 25 69 72 33 202 41 126
internal_value=-0.00377367 -0.100199 0.100743 0.100743 -0.100199 -0.100199 -0.100199 -0.100199 -0.100199 -0.100199 -0.100199 -0.100199
internal_weight=1655.78 861.226 794.559 78.405 23.3233 15.4191 15.3694 15.2323 15.0892 7.90425 0.482839 0.315932
internal_count=542008 433432 108576 10714 11738 7760 7735 7666 7594 3978 243 159
is_linear=0
shrinkage=0.1


Tree=47
num_leaves=3
num_cat=0
split_feature=2 0
split_gain=1509.22 1.13687e-13
threshold=1.0000000180025095e-35 4163.5000000000009
decision_type=2 2
left_child=-1 -2
right_child=1 -3
leaf_value=-0.10018047258997685 0.10067152906917459 0.10067152906917459
leaf_weight=779.40986621472985 569.94563484191895 149.48350913822651
leaf_count=433432 86016 22560
internal_value=-0.00377333 0.100672
internal_weight=1498.84 719.429
internal_count=542008 108576
is_linear=0
shrinkage=0.1


Tree=48
num_leaves=5
num_cat=0
split_feature=2 0 0 3
split_gain=1365.02 1.13687e-13 5.68434e-14 1.42109e-14
threshold=1.0000000180025095e-35 2411.0000000000005 5339.5000000000009 81.000000000000014
decision_type=2 2 2 2
left_child=-1 -2 -3 -4
right_child=1 2 3 -5
leaf_value=-0.10016327346997114 0.10060721740149639 0.10060721740149639 0.10060721740149639 0.10060721740149639
leaf_weight=705.35419059824198 456.9656034745276 130.12109356932342 64.088687994517386 0.18597297836094995
leaf_count=433432 76172 21690 10683 31
internal_value=-0.00377303 0.100607 0.100607 0.100607
internal_weight=1356.72 651.361 194.396 64.2747
internal_count=542008 108576 32404 10714
is_linear=0
shrinkage=0.1


Tree=49
num_leaves=19
num_cat=0
split_feature=2 0 0 4 3 4 0 5 3 3 4 5 5 5 5 4 5 5
split_gain=1234.66 1.13687e-13 1.13687e-13 1.13687e-13 5.68434e-14 1.42109e-14 3.55271e-15 3.55271e-15 1.77636e-15 1.77636e-15 1.77636e-15 1.77636e-15 1.77636e-15 1.77636e-15 4.44089e-16 1.11022e-16 1.11022e-16 5.55112e-17
threshold=1.0000000180025095e-35 4822.0000000000009 2411.0000000000005 8.0033333333333356 70.500000000000014 7.605555555555557 5339.5000000000009 79.245583644095419 206.50000000000003 123.50000000000001 7.9118055555555564 79.18193356807113 79.03965551687574 78.749489852026485 78.699011726938281 7.8071428571428578 79.215314438213596 79.265857370650096
decision_type=2 2 2 2 2 2 2 2 2 2 2 2 2 2 2 2 2 2
left_child=1 3 4 5 -2 -1 11 10 9 -8 13 12 -3 -7 -12 17 -15 -9
right_child=2 6 -4 -5 -6 7 8 15 -10 -11 14 -13 -14 16 -16 -17 -18 -19
leaf_value=-0.10014770853752344 0.10054910029568456 -0.10014770853752344 0.10054910029568456 -0.10014770853752344 0.10054910029568456 -0.10014770853752351 -0.10014770853752347 -0.10014770853751997 -0.1001477085375186 -0.1001477085375177 -0.10014770853752336 -0.10014770853752258 -0.10014770853752329 -0.10014770853752322 -0.10014770853752315 -0.10014770853752325 -0.10014770853752258 -0.10014770853752315
leaf_weight=74.291480950196274 400.50857407320291 9.9703305785078538 175.99305462650955 528.22575769352261 13.197849732823668 8.2089546003844518 11.360580514417956 0.051545283640735629 0.036818059743382814 0.030927170184441688 2.5419188446830971 0.20765385695267546 1.2032141924137256 0.87185165472328741 0.31368986901361484 0.52281644835602492 0.11781779117882252 0.36965331982355565
leaf_count=50445 73742 6770 32404 358673 2430 5574 7714 35 25 21 1726 141 817 592 213 355 80 251
internal_value=-0.00377275 -0.100148 0.100549 -0.100148 0.100549 -0.100148 -0.100148 -0.100148 -0.100148 -0.100148 -0.100148 -0.100148 -0.100148 -0.100148 -0.100148 -0.100148 -0.100148 -0.100148
internal_weight=1228.02 638.325 589.699 615.515 413.706 87.2897 22.8095 12.9982 11.4283 11.3915 12.0542 11.3812 11.1735 9.19862 2.85561 0.944015 0.989669 0.421199
internal_count=542008 433432 108576 417944 76172 59271 15488 8826 7760 7735 8185 7728 7587 6246 1939 641 672 286
is_linear=0
shrinkage=0.1


Tree=50
num_leaves=12
num_cat=0
split_feature=2 0 0 3 3 3 3 3 3 3 3
split_gain=1116.78 1.13687e-13 1.13687e-13 1.13687e-13 1.42109e-14 3.55271e-15 8.88178e-16 8.88178e-16 2.22045e-16 1.11022e-16 1.38778e-17
threshold=1.0000000180025095e-35 6684.5000000000009 5059.0000000000009 58.500000000000007 70.500000000000014 90.000000000000014 116.50000000000001 21.500000000000004 73.500000000000014 108.00000000000001 79.500000000000014
decision_type=2 2 2 2 2 2 2 2 2 2 2
left_child=1 3 -2 -1 -4 -5 7 -3 -9 -6 -10
right_child=2 6 4 5 9 -7 -8 8 10 -11 -12
leaf_value=-0.1001336361102432 0.10049657369642538 -0.1001336361102432 0.10049657369642538 -0.10013363611024317 0.10049657369642538 -0.1001336361102432 -0.10013363611024016 -0.10013363611024312 -0.1001336361102402 0.10049657369642447 -0.10013363611024061
leaf_weight=551.28222650685348 460.86673737270758 4.0555645105196154 72.296677865087986 13.011658335919494 0.57526600314304133 8.2084199212258664 0.029320545261725672 0.99823129095602758 0.033318801433779299 0.10816967580467463 0.038649809663183987
leaf_count=413642 93733 3043 14704 9763 117 6159 22 749 25 22 29
internal_value=-0.00377251 -0.100134 0.100497 -0.100134 0.100497 -0.100134 -0.100134 -0.100134 -0.100134 0.100497 -0.100134
internal_weight=1111.5 577.657 533.847 572.502 72.9801 21.2201 5.15508 5.12576 1.0702 0.683436 0.0719686
internal_count=542008 433432 108576 429564 14843 15922 3868 3846 803 139 54
is_linear=0
shrinkage=0.1


Tree=51
num_leaves=4
num_cat=0
split_feature=2 3 5
split_gain=1010.19 1.13687e-13 4.44089e-16
threshold=1.0000000180025095e-35 137.00000000000003 79.383629332844919
decision_type=2 2 2
left_child=1 -1 -3
right_child=-2 2 -4
leaf_value=-0.1001209066590168 0.10044909927483535 -0.10012090665901677 -0.1001209066590131
leaf_weight=520.58783303014934 483.26132445037365 2.1371551295742388 0.024121389724314102
leaf_count=431640 108576 1772 20
internal_value=-0.00377228 -0.100121 -0.100121
internal_weight=1006.01 522.749 2.16128
internal_count=542008 433432 1792
is_linear=0
shrinkage=0.1


Tree=52
num_leaves=10
num_cat=0
split_feature=2 4 0 0 0 4 0 4 5
split_gain=913.806 1.13687e-13 5.68434e-14 1.42109e-14 1.42109e-14 7.10543e-15 8.88178e-16 4.44089e-16 4.44089e-16
threshold=1.0000000180025095e-35 19.156315789473691 889.50000000000011 637.50000000000011 3058.5000000000005 6.1708333333333343 3482.0000000000005 5.4225000000000003 1.3227151947890623
decision_type=2 2 2 2 2 2 2 2 2
left_child=1 -1 3 5 -3 7 8 -2 -6
right_child=2 4 -4 -5 6 -7 -8 -9 -10
leaf_value=-0.10010938442647362 0.10040617579530671 -0.10010938442647362 0.10040617579530674 0.10040617579530674 -0.10010938442647364 0.10040617579530674 -0.1001093844264736 0.10040617579530658 -0.10010938442647342
leaf_weight=366.11440372746438 2.7638791082426901 99.778341575525701 336.45191919989884 65.341969938017428 0.55007366091012844 32.308376922737807 6.0977411577478051 0.58420185232534994 0.51405693311244249
leaf_count=335449 686 91421 83508 16218 504 8019 5587 145 471
internal_value=-0.00377207 -0.100109 0.100406 0.100406 -0.100109 0.100406 -0.100109 0.100406 -0.100109
internal_weight=910.505 473.055 437.45 100.998 106.94 35.6565 7.16187 3.34808 1.06413
internal_count=542008 433432 108576 25068 97983 8850 6562 831 975
is_linear=0
shrinkage=0.1


Tree=53
num_leaves=12
num_cat=0
split_feature=2 0 0 0 3 0 4 3 6 3 5
split_gain=826.636 5.68434e-14 5.68434e-14 5.68434e-14 2.84217e-14 1.42109e-14 7.10543e-15 1.77636e-15 1.77636e-15 2.22045e-16 2.22045e-16
threshold=1.0000000180025095e-35 1080.5000000000002 6684.5000000000009 896.00000000000011 101.50000000000001 488.50000000000006 14.534848484848487 51.500000000000007 -74.499999999999986 40.500000000000007 78.517884688580082
decision_type=2 2 2 2 2 2 2 2 2 2 2
left_child=1 -1 3 5 -3 9 7 8 -4 -2 -6
right_child=2 4 6 -5 10 -7 -8 -9 -10 -11 -12
leaf_value=-0.10009895256441553 0.10036737990276666 -0.10009895256441553 0.10036737990276666 0.10036737990276666 -0.10009895256441555 0.10036737990276666 0.10036737990276666 0.10036737990276626 0.10036737990276663 0.10036737990276633 -0.10009895256441539
leaf_weight=261.74249976698775 1.083131635095923 164.60794847900979 5.7110577123239628 276.39185306616127 0.98468868655618169 95.279114809818566 8.7817541323602182 0.45951039064675647 7.9940220341086397 0.26622427394613613 0.74468933767639101
leaf_count=265015 297 166666 1566 75788 997 26126 2408 126 2192 73 754
internal_value=-0.00377188 -0.100099 0.100367 0.100367 -0.100099 0.100367 0.100367 0.100367 0.100367 0.100367 -0.100099
internal_weight=824.046 428.08 395.967 373.02 166.337 96.6285 22.9463 14.1646 13.7051 1.34936 1.72938
internal_count=542008 433432 108576 102284 168417 26496 6292 3884 3758 370 1751
is_linear=0
shrinkage=0.1


Tree=54
num_leaves=6
num_cat=0
split_feature=2 0 3 3 5
split_gain=747.801 5.68434e-14 1.77636e-15 1.77636e-15 5.55112e-17
threshold=1.0000000180025095e-35 4822.0000000000009 206.50000000000003 81.000000000000014 1.1054121269041877
decision_type=2 2 2 2 2
left_child=1 -1 3 -3 -5
right_child=-2 2 -4 4 -6
leaf_value=-0.10008953130456495 0.10033229438583942 -0.10008953130456499 -0.10008953130455943 -0.10008953130456238 -0.10008953130456424
leaf_weight=373.53496656659991 358.40436948090792 13.601890818332317 0.032174786087126317 0.068818292464130404 0.13942407304421067
leaf_count=417944 108576 15219 36 77 156
internal_value=-0.00377172 -0.10009 -0.10009 -0.10009 -0.10009
internal_weight=745.782 387.377 13.8423 13.8101 0.208242
internal_count=542008 433432 15488 15452 233
is_linear=0
shrinkage=0.1


Tree=55
num_leaves=5
num_cat=0
split_feature=2 1 3 5
split_gain=676.498 5.68434e-14 7.10543e-15 2.77556e-17
threshold=1.0000000180025095e-35 4.1500000000000012 206.50000000000003 0.73941455346282992
decision_type=2 2 2 2
left_child=1 2 -1 -4
right_child=-2 -3 3 -5
leaf_value=-0.10008101126471136 0.10030057263099555 -0.10008101126471136 -0.10008101126471136 -0.10008101126471006
leaf_weight=53.041612762957811 324.39502320438623 297.40231057093479 0.021027719136326506 0.076832050690427423
leaf_count=65584 108576 367727 26 95
internal_value=-0.00377157 -0.100081 -0.100081 -0.100081
internal_weight=674.937 350.542 53.1395 0.0978598
internal_count=542008 433432 65705 121
is_linear=0
shrinkage=0.1


Tree=56
num_leaves=10
num_cat=0
split_feature=2 0 0 3 0 4 3 3 5
split_gain=612.006 5.68434e-14 5.68434e-14 1.42109e-14 3.55271e-15 8.88178e-16 2.22045e-16 2.77556e-17 2.77556e-17
threshold=1.0000000180025095e-35 2200.0000000000005 1996.0000000000002 72.500000000000014 6684.5000000000009 14.168333333333335 76.500000000000014 73.500000000000014 78.708815761711705
decision_type=2 2 2 2 2 2 2 2 2
left_child=1 -1 -2 -4 -3 -6 7 -5 -9
right_child=2 4 3 6 5 -7 -8 8 -10
leaf_value=-0.1000732916192803 0.10027189170344569 -0.1000732916192803 0.10027189170344569 0.10027189170344569 -0.10007329161928027 -0.10007329161928023 0.10027189170344564 0.10027189170344469 0.10027189170344385
leaf_weight=287.95236768195173 182.92139494675212 26.423389057454191 109.03894461435266 0.078419993398710086 1.5742060618358658 1.25658382527763 1.4115598811767993 0.10005309502594173 0.054082754068076611
leaf_count=393459 67645 36105 40323 29 2151 1717 522 37 20
internal_value=-0.00377143 -0.100073 0.100272 0.100272 -0.100073 -0.100073 0.100272 0.100272 0.100272
internal_weight=610.811 317.207 293.604 110.683 29.2542 2.83079 1.64412 0.232556 0.154136
internal_count=542008 433432 108576 40931 39973 3868 608 86 57
is_linear=0
shrinkage=0.1


Tree=57
num_leaves=13
num_cat=0
split_feature=2 0 0 0 3 1 3 3 0 0 5 5
split_gain=553.672 5.68434e-14 5.68434e-14 5.68434e-14 3.55271e-15 1.77636e-15 4.44089e-16 4.44089e-16 5.55112e-17 2.77556e-17 2.77556e-17 2.77556e-17
threshold=1.0000000180025095e-35 6684.5000000000009 570.50000000000011 1584.0000000000002 71.500000000000014 4.6500000000000012 111.00000000000001 9.5000000000000018 535.50000000000011 560.50000000000011 0.16749249806742181 79.340611810503745
decision_type=2 2 2 2 2 2 2 2 2 2 2 2
left_child=1 2 4 -2 5 -1 -3 -7 10 -10 -6 -12
right_child=3 6 -4 -5 8 7 -8 -9 9 -11 11 -13
leaf_value=-0.10006630730288282 0.100245939482258 -0.10006630730288275 -0.10006630730288278 0.100245939482258 -0.10006630730287353 -0.10006630730288263 -0.1000663073028778 -0.10006630730288271 -0.10006630730288134 -0.10006630730288153 -0.1000663073028822 -0.10006630730287649
leaf_weight=11.545626550563606 135.2412116273772 2.5436934484750959 269.63879026315408 130.48834905331023 0.019205183547456595 1.4509847293957148 0.017880688130389788 1.4847593625308944 0.069536009395960718 0.080131972732488066 0.17284665192710236 0.015893945004791021
leaf_count=17434 55259 3841 407157 53317 29 2191 27 2242 105 121 261 24
internal_value=-0.0037713 -0.100066 -0.100066 0.100246 -0.100066 -0.100066 -0.100066 -0.100066 -0.100066 -0.100066 -0.100066 -0.100066
internal_weight=552.769 287.039 284.478 265.73 14.839 14.4814 2.56157 2.93574 0.357614 0.149668 0.207946 0.188741
internal_count=542008 433432 429564 108576 22407 21867 3868 4433 540 226 314 285
is_linear=0
shrinkage=0.1


Tree=58
num_leaves=20
num_cat=0
split_feature=2 0 0 0 0 0 4 3 3 3 3 5 6 6 3 3 3 3 3
split_gain=500.907 5.68434e-14 2.84217e-14 2.84217e-14 2.84217e-14 1.42109e-14 7.10543e-15 3.55271e-15 3.55271e-15 8.88178e-16 4.44089e-16 2.22045e-16 1.11022e-16 1.11022e-16 2.77556e-17 2.77556e-17 1.38778e-17 6.93889e-18 6.93889e-18
threshold=1.0000000180025095e-35 5339.5000000000009 5059.0000000000009 5339.5000000000009 1080.5000000000002 978.00000000000011 7.3162280701754394 105.00000000000001 72.500000000000014 83.000000000000014 92.000000000000014 0.96079501636392883 -45.499999999999993 -23.499999999999996 86.000000000000014 79.500000000000014 116.50000000000001 101.50000000000001 148.50000000000003
decision_type=2 2 2 2 2 2 2 2 2 2 2 2 2 2 2 2 2 2 2
left_child=1 2 -1 4 5 -2 11 -7 -8 -3 -4 12 -5 -14 15 -10 17 -11 -18
right_child=3 9 10 6 -6 7 8 -9 14 16 -12 -13 13 -15 -16 -17 18 -19 -20
leaf_value=-0.10005999854301742 0.10022248762737118 -0.10005999854301742 -0.10005999854301739 0.10022248762736968 0.10022248762737118 0.10022248762737117 0.10022248762737117 0.10022248762737118 0.10022248762737118 -0.10005999854301451 -0.10005999854301451 0.10022248762737103 0.10022248762737021 0.10022248762737054 0.10022248762736961 0.10022248762736992 -0.10005999854301047 -0.10005999854301313 -0.10005999854301202
leaf_weight=252.70536736934446 65.202855203766376 4.5633833360625422 2.3533035273430865 0.066449898295104504 134.90436852211133 16.568174641579393 22.143321108538661 0.088599864393471672 0.068664894904940321 0.030562383471988031 0.030562383471988031 0.65563899651169777 0.10410484066233039 0.54931915923953301 0.064234901685267687 0.079739877954125404 0.014382298104465008 0.023371234419755638 0.018577135051600635
leaf_count=421694 29437 7615 3927 30 60905 7480 9997 40 31 51 51 296 47 248 29 36 24 39 31
internal_value=-0.00377119 -0.10006 -0.10006 0.100222 0.100222 0.100222 0.100222 0.100222 0.100222 -0.10006 -0.10006 0.100222 0.100222 0.100222 0.100222 0.100222 -0.10006 -0.10006 -0.10006
internal_weight=500.235 259.74 255.089 240.495 216.764 81.8596 23.7315 16.6568 22.356 4.65028 2.38387 1.37551 0.719874 0.653424 0.21264 0.148405 0.0868931 0.0539336 0.0329594
internal_count=542008 433432 425672 108576 97862 36957 10714 7520 10093 7760 3978 621 325 295 96 67 145 90 55
is_linear=0
shrinkage=0.1


Tree=59
num_leaves=13
num_cat=0
split_feature=2 0 0 0 0 4 3 3 3 5 3 4
split_gain=453.176 5.68434e-14 2.84217e-14 7.10543e-15 3.55271e-15 3.55271e-15 1.77636e-15 1.77636e-15 1.77636e-15 8.88178e-16 2.77556e-17 1.38778e-17
threshold=1.0000000180025095e-35 1996.0000000000002 3058.5000000000005 4163.5000000000009 5339.5000000000009 8.9062500000000018 51.500000000000007 46.500000000000007 41.500000000000007 79.325996865244392 50.500000000000007 11.528869047619049
decision_type=2 2 2 2 2 2 2 2 2 2 2 2
left_child=1 -1 -2 6 5 -3 7 8 -4 -6 11 -9
right_child=2 4 3 -5 9 -7 -8 10 -10 -11 -12 -13
leaf_value=-0.10005428276759892 0.10020127172042315 -0.10005428276759878 0.1002012717204232 0.10020127172042315 -0.10005428276759892 -0.10005428276759892 0.10020127172042211 0.10020127172042037 0.10020127172042181 -0.10005428276759472 0.1002012717204218 0.10020127172042098
leaf_weight=204.1999747864902 161.30131101468578 5.3570303209126058 10.63848949922248 45.224104598164558 4.1868236772716036 21.269780069589615 0.17039223806932646 0.064147666096688094 0.13430917588993985 0.021148312836885341 0.07417073892429471 0.046106135006994009
leaf_count=376569 80465 9879 5307 22560 7721 39224 85 32 67 39 37 23
internal_value=-0.00377108 -0.100054 0.100201 0.100201 -0.100054 -0.100054 0.100201 0.100201 0.100201 -0.100054 0.100201 0.100201
internal_weight=452.688 235.035 217.653 56.3517 30.8348 26.6268 11.1276 10.9572 10.7728 4.20797 0.184425 0.110254
internal_count=542008 433432 108576 28111 56863 49103 5551 5466 5374 7760 92 55
is_linear=0
shrinkage=0.1


Tree=60
num_leaves=12
num_cat=0
split_feature=2 0 0 4 4 4 4 4 4 4 5
split_gain=409.999 2.84217e-14 2.84217e-14 2.84217e-14 2.84217e-14 7.10543e-15 4.44089e-16 4.44089e-16 1.11022e-16 1.11022e-16 6.93889e-18
threshold=1.0000000180025095e-35 5339.5000000000009 5339.5000000000009 24.793750000000006 9.5038461538461565 9.0845238095238106 21.956829268292687 18.819259259259265 22.451696712619306 58.898484848484848 78.577904304371756
decision_type=2 2 2 2 2 2 2 2 2 2 2
left_child=1 3 4 -1 -2 -4 7 -3 10 -10 -8
right_child=2 6 5 -5 -6 -7 8 -9 9 -11 -12
leaf_value=-0.10004911085625134 0.10018207500047485 -0.1000491108562513 0.10018207500047477 -0.10004911085625134 0.10018207500047485 0.10018207500047485 -0.10004911085624731 -0.10004911085625107 -0.10004911085625118 -0.10004911085624456 -0.10004911085624209
leaf_weight=185.80826536449604 44.608873342163861 2.8435208869632334 3.4324286617338684 23.062696325825527 132.93041507992893 16.004696434363723 0.022080835187807568 0.31894539715722192 0.59765460574999452 0.014720556791871786 0.010795074980705976
leaf_count=378671 24589 5795 1892 47001 73273 8822 45 650 1218 30 22
internal_value=-0.00377099 -0.100049 0.100182 -0.100049 0.100182 0.100182 -0.100049 -0.100049 -0.100049 -0.100049 -0.100049
internal_weight=409.655 212.679 196.976 208.871 177.539 19.4371 3.80772 3.16247 0.645251 0.612375 0.0328759
internal_count=542008 433432 108576 425672 97862 10714 7760 6445 1315 1248 67
is_linear=0
shrinkage=0.1


Tree=61
num_leaves=6
num_cat=0
split_feature=2 0 0 4 3
split_gain=370.941 2.84217e-14 7.10543e-15 4.44089e-16 1.11022e-16
threshold=1.0000000180025095e-35 901.00000000000011 535.50000000000011 9.3027777777777789 34.500000000000007
decision_type=2 2 2 2 2
left_child=-1 2 3 4 -2
right_child=1 -3 -4 -5 -6
leaf_value=-0.10004443477543266 0.10016472354898663 0.10016472354898663 0.10016472354898663 0.10016472354898656 0.10016472354898398
leaf_weight=192.44816208980046 0.4613480371190225 133.579137537512 42.734619424096309 1.4480746218468992 0.037761583109386265
leaf_count=433432 281 81361 26029 882 23
internal_value=-0.00377091 0.100165 0.100165 0.100165 0.100165
internal_weight=370.709 178.261 44.6818 1.94718 0.49911
internal_count=542008 108576 27215 1186 304
is_linear=0
shrinkage=0.1


Tree=62
num_leaves=15
num_cat=0
split_feature=2 0 0 0 0 3 3 3 3 3 4 3 5 3
split_gain=335.607 2.84217e-14 2.84217e-14 1.77636e-15 1.77636e-15 1.77636e-15 1.77636e-15 1.77636e-15 1.77636e-15 1.77636e-15 4.44089e-16 1.38778e-17 1.38778e-17 3.46945e-18
threshold=1.0000000180025095e-35 2411.0000000000005 2089.0000000000005 6684.5000000000009 5059.0000000000009 206.50000000000003 137.00000000000003 101.50000000000001 58.500000000000007 32.500000000000007 5.8055555555555562 116.50000000000001 79.069489526487061 123.50000000000001
decision_type=2 2 2 2 2 2 2 2 2 2 2 2 2 2
left_child=1 -1 -2 4 5 6 7 8 9 -3 12 -9 -5 -13
right_child=2 3 -4 10 -6 -7 -8 11 -10 -11 -12 13 -14 -15
leaf_value=-0.10004021060476287 0.10014901853364636 -0.10004021060476301 0.10014901853364636 -0.10004021060476034 -0.10004021060476281 -0.10004021060475383 -0.10004021060475383 -0.10004021060475921 -0.10004021060476219 -0.10004021060476265 -0.10004021060476281 -0.10004021060475532 -0.10004021060475694 -0.1000402106047525
leaf_weight=159.75138285011053 105.49408705951646 8.4243767745792724 55.827086943667382 0.070310279261321607 3.1619537016376862 0.019686878193170609 0.019686878193170609 0.048614535946399751 0.26155423885211426 0.87707051215693432 1.4668733119033275 0.013258509803563356 0.016874467022716999 0.0096425525844097137
leaf_count=397616 71002 20968 37574 175 7870 49 49 121 651 2183 3651 33 42 24
internal_value=-0.00377084 -0.10004 0.100149 -0.10004 -0.10004 -0.10004 -0.10004 -0.10004 -0.10004 -0.10004 -0.10004 -0.10004 -0.10004 -0.10004
internal_weight=335.462 174.141 161.321 14.3899 12.8358 9.67389 9.6542 9.63452 9.563 9.30145 1.55406 0.0715156 0.0871847 0.0229011
internal_count=542008 433432 108576 35816 31948 24078 24029 23980 23802 23151 3868 178 217 57
is_linear=0
shrinkage=0.1


Tree=63
num_leaves=3
num_cat=0
split_feature=2 6
split_gain=303.641 2.84217e-14
threshold=1.0000000180025095e-35 -1771.4999999999998
decision_type=2 2
left_child=-1 -2
right_child=1 -3
leaf_value=-0.10003637653815758 0.10013482425011372 0.10013482425011372
leaf_weight=157.57527730241418 17.085573246818967 128.90350370656233
leaf_count=433432 12707 95869
internal_value=-0.00377076 0.100135
internal_weight=303.564 145.989
internal_count=542008 108576
is_linear=0
shrinkage=0.1


Tree=64
num_leaves=7
num_cat=0
split_feature=2 0 3 3 3 3
split_gain=274.723 2.84217e-14 2.84217e-14 1.42109e-14 4.44089e-16 1.11022e-16
threshold=1.0000000180025095e-35 2089.0000000000005 90.000000000000014 25.500000000000004 108.00000000000001 92.000000000000014
decision_type=2 2 2 2 2 2
left_child=2 3 -1 -2 5 -4
right_child=1 -3 4 -5 -6 -7
leaf_value=-0.1000329198548837 0.10012197653848398 0.10012197653848398 -0.10003291985488322 0.10012197653848398 -0.10003291985488361 -0.10003291985488356
leaf_weight=140.54509192612022 69.261215769220144 45.719070329796523 0.094084470008965027 17.132179439067841 1.2119132430525494 0.73359569272724912
leaf_count=427232 56922 37574 286 14080 3684 2230
internal_value=-0.0037707 0.100122 -0.100033 0.100122 -0.100033 -0.100033
internal_weight=274.697 132.112 142.585 86.3934 2.03959 0.82768
internal_count=542008 108576 433432 71002 6200 2516
is_linear=0
shrinkage=0.1


Tree=65
num_leaves=6
num_cat=0
split_feature=2 0 0 6 4
split_gain=248.561 2.84217e-14 7.10543e-15 3.55271e-15 8.88178e-16
threshold=1.0000000180025095e-35 1455.0000000000002 1080.5000000000002 -16.499999999999996 13.377500000000003
decision_type=2 2 2 2 2
left_child=-1 2 -2 -4 -5
right_child=1 -3 3 4 -6
leaf_value=-0.10002978136896722 0.10011035679139374 0.10011035679139374 0.10011035679139374 0.10011035679139374 0.10011035679139368
leaf_weight=129.01980031956919 40.693503371905535 65.487063872627914 8.405828523449598 2.8353429981507352 2.1317374929785728
leaf_count=433432 36957 59474 7634 2575 1936
internal_value=-0.00377064 0.10011 0.10011 0.10011 0.10011
internal_weight=248.573 119.553 54.0664 13.3729 4.96708
internal_count=542008 108576 49102 12145 4511
is_linear=0
shrinkage=0.1


Tree=66
num_leaves=9
num_cat=0
split_feature=2 4 0 0 6 0 4 4
split_gain=224.892 2.84217e-14 1.42109e-14 3.55271e-15 3.55271e-15 1.77636e-15 1.77636e-15 2.77556e-17
threshold=1.0000000180025095e-35 7.605555555555557 2698.0000000000005 5059.0000000000009 -16.499999999999996 6684.5000000000009 29.348076923076928 30.937500000000004
decision_type=2 2 2 2 2 2 2 2
left_child=1 -1 -2 4 -4 6 -5 -8
right_child=2 -3 3 5 -6 -7 7 -9
leaf_value=-0.10002694815203642 0.10009984603661706 -0.10002694815203642 0.10009984603661706 0.10009984603661709 0.10009984603661699 0.10009984603661706 0.10009984603661198 0.10009984603661629
leaf_weight=14.107226783380609 77.897084237309173 102.63785234166426 10.11266111419536 8.3589628620538825 5.3876400280278203 6.2694712514057747 0.034874681150541487 0.12654527160339057
leaf_count=52375 78177 381057 10149 8389 5407 6292 35 127
internal_value=-0.00377059 -0.100027 0.1001 0.1001 0.1001 0.1001 0.1001 0.1001
internal_weight=224.932 116.745 108.187 30.2902 15.5003 14.7899 8.52038 0.16142
internal_count=542008 433432 108576 30399 15556 14843 8551 162
is_linear=0
shrinkage=0.1


Tree=67
num_leaves=7
num_cat=0
split_feature=2 0 3 3 3 4
split_gain=203.478 1.42109e-14 1.77636e-15 1.77636e-15 1.77636e-15 6.93889e-18
threshold=1.0000000180025095e-35 5339.5000000000009 86.000000000000014 72.500000000000014 39.500000000000007 8.6030303030303052
decision_type=2 2 2 2 2 2
left_child=-1 -2 3 4 -3 -5
right_child=1 2 -4 5 -6 -7
leaf_value=-0.10002438412326092 0.10009033146671112 0.10009033146671119 0.10009033146670432 0.10009033146670548 0.10009033146671086 0.10009033146670765
leaf_weight=105.63788958091754 88.240103086689487 8.8950626080622825 0.026148688863032343 0.031558762420900943 0.67896423151251006 0.028853725641965866
leaf_count=433432 97862 9865 29 35 753 32
internal_value=-0.00377055 0.10009 0.10009 0.10009 0.10009 0.10009
internal_weight=203.539 97.9007 9.66059 9.63444 9.57403 0.0604125
internal_count=542008 108576 10714 10685 10618 67
is_linear=0
shrinkage=0.1


Tree=68
num_leaves=3
num_cat=0
split_feature=2 6
split_gain=184.104 2.84217e-14
threshold=1.0000000180025095e-35 -5.4999999999999991
decision_type=2 2
left_child=-1 -2
right_child=1 -3
leaf_value=-0.10002205858530631 0.10008172505497144 0.10008172505497144
leaf_weight=95.587223810493015 64.957755493407603 23.633686147222761
leaf_count=433432 79611 28965
internal_value=-0.00377051 0.100082
internal_weight=184.179 88.5914
internal_count=542008 108576
is_linear=0
shrinkage=0.1


Tree=69
num_leaves=3
num_cat=0
split_feature=2 0
split_gain=166.576 2.84217e-14
threshold=1.0000000180025095e-35 1825.0000000000002
decision_type=2 2
left_child=-1 -2
right_child=1 -3
leaf_value=-0.1000199589124967 0.10007394732475056 0.10007394732475056
leaf_weight=86.492619685363024 47.685403127688915 32.481361550744623
leaf_count=433432 64584 43992
internal_value=-0.00377047 0.100074
internal_weight=166.659 80.1668
internal_count=542008 108576
is_linear=0
shrinkage=0.1


Tree=70
num_leaves=6
num_cat=0
split_feature=2 0 0 3 3
split_gain=150.717 1.42109e-14 1.42109e-14 8.88178e-16 4.44089e-16
threshold=1.0000000180025095e-35 6684.5000000000009 599.50000000000011 105.00000000000001 48.500000000000007
decision_type=2 2 2 2 2
left_child=-1 2 4 -3 -2
right_child=1 3 -4 -5 -6
leaf_value=-0.10001806032438471 0.10006689978353184 0.10006689978353185 0.10006689978353185 0.10006689978352522 0.10006689978353134
leaf_weight=78.263170584687032 3.1021213746280405 4.1905029639601699 65.059696527197957 0.013362573226913699 0.17705409525660787
leaf_count=433432 4643 6272 97376 20 265
internal_value=-0.00377043 0.100067 0.100067 0.100067 0.100067
internal_weight=150.806 72.5427 68.3389 4.20387 3.27918
internal_count=542008 108576 102284 6292 4908
is_linear=0
shrinkage=0.1


Tree=71
num_leaves=12
num_cat=0
split_feature=2 0 4 4 5 5 5 5 5 5 5
split_gain=136.369 1.42109e-14 1.42109e-14 8.88178e-16 8.88178e-16 5.55112e-17 5.55112e-17 5.55112e-17 2.77556e-17 3.46945e-18 1.73472e-18
threshold=1.0000000180025095e-35 570.50000000000011 6.1708333333333343 6.003571428571429 79.235366785143825 79.441704784591295 1.2498597141103136 209.34660123057662 1.5810213454531914 1.474836046151516 1.3902652308156418
decision_type=2 2 2 2 2 2 2 2 2 2 2
left_child=2 -2 3 4 -1 6 -5 -6 9 10 -8
right_child=1 -3 -4 5 7 -7 8 -9 -10 -11 -12
leaf_value=-0.1000163433896689 0.10006052944733063 0.10006052944733063 -0.1000163433896689 -0.10001634338966824 -0.10001634338966854 -0.10001634338965559 -0.10001634338965666 -0.10001634338966621 -0.10001634338966799 -0.10001634338964978 -0.10001634338964105
leaf_weight=4.0805582899338324 1.2545125209726382 64.38883758848533 66.178241098285071 0.13119873100367829 0.25602541903208464 0.0075157429964747271 0.0081692858657334 0.037088557830429636 0.10897827344888356 0.0052283429540693751 0.0035944857809226969
leaf_count=24975 2075 106501 405043 803 1567 46 50 227 667 32 22
internal_value=-0.0037704 0.100061 -0.100016 -0.100016 -0.100016 -0.100016 -0.100016 -0.100016 -0.100016 -0.100016 -0.100016
internal_weight=136.46 65.6434 70.8166 4.63836 4.37367 0.264685 0.257169 0.293114 0.12597 0.0169921 0.0117638
internal_count=542008 108576 433432 28389 26769 1620 1574 1794 771 104 72
is_linear=0
shrinkage=0.1


Tree=72
num_leaves=11
num_cat=0
split_feature=2 0 3 3 3 3 3 5 5 5
split_gain=123.387 7.10543e-15 1.77636e-15 1.77636e-15 1.77636e-15 1.77636e-15 1.77636e-15 1.77636e-15 2.22045e-16 6.93889e-18
threshold=1.0000000180025095e-35 4822.0000000000009 108.00000000000001 95.500000000000014 79.500000000000014 69.500000000000014 55.500000000000007 79.012203595290728 79.108984874984444 79.080923225312418
decision_type=2 2 2 2 2 2 2 2 2 2
left_child=-1 -2 3 4 5 6 7 -3 -9 -7
right_child=1 2 -4 -5 -6 9 -8 8 -10 -11
leaf_value=-0.10001478424015749 0.10005477312456844 0.10005477312456855 0.10005477312455367 0.10005477312455829 0.10005477312456153 0.10005477312456311 0.10005477312456686 0.10005477312456763 0.10005477312456834 0.10005477312455974
leaf_weight=64.078457955387421 49.098279118770733 8.7800936150597284 0.012035769177601519 0.017506573349238219 0.02571277960669327 0.033371905446984651 0.11324564635288048 0.22375589061994183 1.0843133868183938 0.011488688760437071
leaf_count=433432 89746 16049 22 32 47 61 207 409 1982 21
internal_value=-0.00377037 0.100055 0.100055 0.100055 0.100055 0.100055 0.100055 0.100055 0.100055 0.100055
internal_weight=123.478 59.3998 10.3015 10.2895 10.272 10.2463 10.2014 10.0882 1.30807 0.0448606
internal_count=542008 108576 18830 18808 18776 18729 18647 18440 2391 82
is_linear=0
shrinkage=0.1


Tree=73
num_leaves=4
num_cat=0
split_feature=2 4 0
split_gain=111.641 1.42109e-14 7.10543e-15
threshold=1.0000000180025095e-35 14.40263157894737 1996.0000000000002
decision_type=2 2 2
left_child=1 -1 -2
right_child=2 -3 -4
leaf_value=-0.10001338005401626 0.10004954860678349 -0.10001338005401626 0.10004954860678349
leaf_weight=33.585769590106793 33.487207436701283 24.395587045117281 20.262619374552742
leaf_count=251066 67645 182366 40931
internal_value=-0.00377035 -0.100013 0.10005
internal_weight=111.731 57.9814 53.7498
internal_count=542008 433432 108576
is_linear=0
shrinkage=0.1


Tree=74
num_leaves=4
num_cat=0
split_feature=2 0 4
split_gain=101.014 1.42109e-14 7.10543e-15
threshold=1.0000000180025095e-35 803.00000000000011 16.031372549019611
decision_type=2 2 2
left_child=1 -1 -2
right_child=2 -3 -4
leaf_value=-0.10001210615984135 0.10004483621721623 -0.10001210615984135 0.10004483621721623
leaf_weight=18.271953082345135 32.199814279738348 34.192384614732873 16.437216343183536
leaf_count=150953 71882 282479 36694
internal_value=-0.00377033 -0.100012 0.100045
internal_weight=101.101 52.4643 48.637
internal_count=542008 433432 108576
is_linear=0
shrinkage=0.1


Tree=75
num_leaves=3
num_cat=0
split_feature=2 0
split_gain=91.3987 7.10543e-15
threshold=1.0000000180025095e-35 911.00000000000011
decision_type=2 2
left_child=1 -1
right_child=-2 -3
leaf_value=-0.10001095449308267 0.10004056740662336 -0.10001095449308267
leaf_weight=23.752974914386868 44.010387492366135 23.719240805134177
leaf_count=216870 108576 216562
internal_value=-0.00377031 -0.100011
internal_weight=91.4826 47.4722
internal_count=542008 433432
is_linear=0
shrinkage=0.1


Tree=76
num_leaves=8
num_cat=0
split_feature=2 0 0 0 3 3 4
split_gain=82.6988 7.10543e-15 7.10543e-15 8.88178e-16 4.44089e-16 5.55112e-17 2.77556e-17
threshold=1.0000000180025095e-35 1921.0000000000002 6684.5000000000009 6684.5000000000009 1.5000000000000002 116.50000000000001 26.655769230769234
decision_type=2 2 2 2 2 2 2
left_child=1 -1 -2 -3 6 -5 -4
right_child=2 3 4 5 -6 -7 -8
leaf_value=-0.10000991129828536 0.10003669898610819 -0.10000991129828536 0.10003669898610792 -0.10000991129828514 0.10003669898610815 -0.10000991129823954 0.10003669898609967
leaf_weight=36.897200615305337 37.515913542360067 5.6745255591667947 0.16468504536896889 0.3811559135938295 2.1313692620024085 0.0021802990377182132 0.011737018823623657
leaf_count=372306 102284 57258 449 3846 5811 22 32
internal_value=-0.00377029 -0.10001 0.100037 -0.10001 0.100037 -0.10001 0.100037
internal_weight=82.7788 42.9551 39.8237 6.05786 2.30779 0.383336 0.176422
internal_count=542008 433432 108576 61126 6292 3868 481
is_linear=0
shrinkage=0.1


Tree=77
num_leaves=4
num_cat=0
split_feature=2 0 0
split_gain=74.8273 7.10543e-15 4.44089e-16
threshold=1.0000000180025095e-35 588.00000000000011 488.50000000000006
decision_type=2 2 2
left_child=1 2 -1
right_child=-2 -3 -4
leaf_value=-0.10000896570855822 0.10003320876174637 -0.10000896570855833 -0.10000896570855829
leaf_weight=0.40694181011349373 36.035173089243472 35.668924930047069 2.7918288616710925
leaf_count=4538 108576 397761 31133
internal_value=-0.00377027 -0.100009 -0.100009
internal_weight=74.9029 38.8677 3.19877
internal_count=542008 433432 35671
is_linear=0
shrinkage=0.1


Tree=78
num_leaves=10
num_cat=0
split_feature=2 0 0 0 3 3 3 3 5
split_gain=67.7051 7.10543e-15 7.10543e-15 3.55271e-15 8.88178e-16 2.22045e-16 2.22045e-16 5.55112e-17 1.38778e-17
threshold=1.0000000180025095e-35 6684.5000000000009 6684.5000000000009 3482.0000000000005 69.500000000000014 101.50000000000001 73.500000000000014 116.50000000000001 0.99075714434645401
decision_type=2 2 2 2 2 2 2 2 2
left_child=1 -1 3 -2 -5 6 -4 -3 -6
right_child=2 7 5 4 8 -7 -8 -9 -10
leaf_value=-0.10000811515594595 0.10003004245968664 -0.10000811515594595 0.10003004245968668 0.10003004245968666 0.10003004245968333 0.10003004245966905 0.10003004245967058 -0.10000811515588998 0.10003004245968378
leaf_weight=34.855374031554675 24.950732557859741 0.31206937388924316 1.8763652418274417 5.7053756184759541 0.026727994001703226 0.0063066053262447177 0.0069072344049346803 0.0017851082229753948 0.034536172024672851
leaf_count=429564 83082 3846 6248 18998 89 21 23 22 115
internal_value=-0.00377026 -0.100008 0.10003 0.10003 0.10003 0.10003 0.10003 -0.100008 0.10003
internal_weight=67.7762 35.1692 32.607 30.7174 5.76664 1.88958 1.88327 0.313854 0.0612642
internal_count=542008 433432 108576 102284 19202 6292 6271 3868 204
is_linear=0
shrinkage=0.1


Tree=79
num_leaves=12
num_cat=0
split_feature=2 4 0 4 1 3 3 4 3 3 3
split_gain=61.261 7.10543e-15 3.55271e-15 3.55271e-15 1.77636e-15 2.22045e-16 2.22045e-16 2.22045e-16 3.46945e-18 3.46945e-18 1.73472e-18
threshold=1.0000000180025095e-35 18.341883116883121 2071.0000000000005 14.730384615384617 4.2500000000000009 76.500000000000014 46.500000000000007 11.404166666666669 49.500000000000007 62.500000000000007 51.500000000000007
decision_type=2 2 2 2 2 2 2 2 2 2 2
left_child=1 -1 3 -2 5 6 7 -4 -8 10 -10
right_child=2 -3 4 -5 -6 -7 8 -9 9 -11 -12
leaf_value=-0.10000734332481367 0.10002719281569872 -0.1000073433248137 0.1000271928156989 0.10002719281569879 0.10002719281569879 0.10002719281568023 0.10002719281568367 0.10002719281569866 0.10002719281568653 0.1000271928156828 0.10002719281568462
leaf_weight=23.808339008064653 10.698801234684657 8.0143300010895455 0.53560583255602823 8.1289258625474741 9.3349221511743945 0.0059783502365463584 0.0073370661993977784 0.77175066689960659 0.0081522957771085203 0.0062500934291165313 0.0070653230068273851
leaf_count=324275 39371 109157 1971 29914 34352 22 27 2840 30 23 26
internal_value=-0.00377024 -0.100007 0.100027 0.100027 0.100027 0.100027 0.100027 0.100027 0.100027 0.100027 0.100027
internal_weight=61.3275 31.8227 29.5048 18.8277 10.6771 1.34214 1.33616 1.30736 0.0288048 0.0214677 0.0152176
internal_count=542008 433432 108576 69285 39291 4939 4917 4811 106 79 56
is_linear=0
shrinkage=0.1


Tree=80
num_leaves=7
num_cat=0
split_feature=2 0 3 3 3 3
split_gain=55.4303 7.10543e-15 1.77636e-15 1.77636e-15 2.22045e-16 1.38778e-17
threshold=1.0000000180025095e-35 2071.0000000000005 83.000000000000014 28.500000000000004 38.500000000000007 206.50000000000003
decision_type=2 2 2 2 2 2
left_child=-1 -2 3 -3 -5 -4
right_child=1 2 5 4 -6 -7
leaf_value=-0.10000664798149431 0.10002460734477753 0.10002460734477758 0.1000246073447751 0.10002460734477725 0.10002460734477739 0.10002460734476988
leaf_weight=28.794531814579386 17.036450201558186 8.3730273834662459 0.072537386295153605 0.57956142202601835 0.62308385380310938 0.013032140588620678
leaf_count=433432 69285 34052 295 2357 2534 53
internal_value=-0.00377023 0.100025 0.100025 0.100025 0.100025 0.100025
internal_weight=55.4922 26.6977 9.66124 9.57567 1.20265 0.0855695
internal_count=542008 108576 39291 38943 4891 348
is_linear=0
shrinkage=0.1


Tree=81
num_leaves=5
num_cat=0
split_feature=2 0 4 4
split_gain=50.1546 3.55271e-15 3.55271e-15 2.22045e-16
threshold=1.0000000180025095e-35 1664.5000000000002 5.6781746031746048 1.0000000180025095e-35
decision_type=2 2 2 2
left_child=1 -1 3 -2
right_child=2 -3 -4 -5
leaf_value=-0.10000600962265863 0.10002225676246133 -0.10000600962265865 0.10002225676246189 0.10002225676246174
leaf_weight=21.347324718590247 0.63700297767354885 4.7072015677258596 22.855568941158708 0.66503733854915481
leaf_count=355125 2863 78307 102724 2989
internal_value=-0.00377022 -0.100006 0.100022 0.100022
internal_weight=50.2121 26.0545 24.1576 1.30204
internal_count=542008 433432 108576 5852
is_linear=0
shrinkage=0.1


Tree=82
num_leaves=23
num_cat=0
split_feature=2 0 0 0 0 3 3 3 3 3 3 3 3 3 3 3 3 3 4 6 6 3
split_gain=45.3812 7.10543e-15 3.55271e-15 1.77636e-15 1.77636e-15 1.77636e-15 1.77636e-15 1.77636e-15 1.77636e-15 1.77636e-15 1.77636e-15 2.22045e-16 1.11022e-16 1.11022e-16 2.77556e-17 2.77556e-17 2.77556e-17 2.77556e-17 6.93889e-18 3.46945e-18 1.73472e-18 4.33681e-19
threshold=1.0000000180025095e-35 1138.0000000000002 1532.0000000000002 6684.5000000000009 5339.5000000000009 48.500000000000007 26.500000000000004 206.50000000000003 111.00000000000001 78.500000000000014 48.500000000000007 46.500000000000007 123.50000000000001 76.500000000000014 105.00000000000001 64.500000000000014 123.50000000000001 29.500000000000004 14.063768115942031 -109.49999999999999 -162.49999999999997 79.500000000000014
decision_type=2 2 2 2 2 2 2 2 2 2 2 2 2 2 2 2 2 2 2 2 2 2
left_child=1 5 -2 4 7 6 -1 -3 9 10 -4 -8 -7 -12 15 -5 17 -6 -10 20 -20 -17
right_child=2 3 8 14 16 12 11 -9 18 -11 13 -13 -14 -15 -16 21 -18 -19 19 -21 -22 -23
leaf_value=-0.10000543770444065 0.10002014455798414 -0.1000054377044407 0.10002014455798421 -0.10000543770443977 -0.10000543770443965 -0.10000543770444043 -0.10000543770444054 -0.10000543770442807 0.1000201445579795 0.10002014455798187 0.10002014455798365 -0.10000543770443981 -0.10000543770443933 0.10002014455797981 -0.10000543770438138 -0.10000543770439792 -0.1000054377043773 -0.10000543770443754 0.10002014455796998 0.10002014455797359 0.10002014455796256 -0.10000543770434869
leaf_weight=12.444239297677994 10.624766517837999 8.0125958503922377 10.72583205753471 0.20527544761716932 0.17797065834747705 0.78547502359288124 1.7104111621010822 0.014141922729323464 0.038050571718486803 0.077913075423567402 0.34849491875502359 0.10927354908926634 0.077019086864311248 0.022951138496864587 0.0016861523254192426 0.0023388564513879819 0.0015773683044244527 0.032145678203960415 0.0070464021700900048 0.009462311485549435 0.0046304928546305746 0.001087840209947899
leaf_count=228788 52774 147312 53276 3774 3272 14441 31446 260 189 387 1731 2009 1416 114 31 43 29 591 35 47 23 20
internal_value=-0.0037702 -0.100005 0.10002 -0.100005 -0.100005 -0.100005 -0.100005 -0.100005 0.10002 0.10002 0.10002 -0.100005 -0.100005 0.10002 -0.100005 -0.100005 -0.100005 -0.100005 0.10002 0.10002 0.10002 -0.100005
internal_weight=45.4344 23.5752 21.8591 8.44882 8.23843 15.1264 14.2639 8.02674 11.2344 11.1752 11.0973 1.81968 0.862494 0.371446 0.210388 0.208702 0.211694 0.210116 0.0591898 0.0211392 0.0116769 0.0034267
internal_count=542008 433432 108576 155332 151464 278100 262243 147572 55802 55508 55121 33455 15857 1845 3868 3837 3892 3863 294 105 58 63
is_linear=0
shrinkage=0.1


Tree=83
num_leaves=6
num_cat=0
split_feature=2 0 0 5 1
split_gain=41.0621 3.55271e-15 3.55271e-15 8.88178e-16 2.22045e-16
threshold=1.0000000180025095e-35 5339.5000000000009 4822.0000000000009 0.58916585542515698 4.6500000000000012
decision_type=2 2 2 2 2
left_child=1 -1 -2 4 -4
right_child=2 -3 3 -5 -6
leaf_value=-0.10000492296338444 0.10001822879534582 -0.10000492296338447 0.10001822879534575 0.10001822879534579 0.10001822879534572
leaf_weight=20.949944281397624 16.349065286776753 0.38191745668882404 0.27361995031242181 2.1443278529477539 1.0123209479934303
leaf_count=425672 89746 7760 1502 11771 5557
internal_value=-0.0037702 -0.100005 0.100018 0.100018 0.100018
internal_weight=41.1112 21.3319 19.7793 3.43027 1.28594
internal_count=542008 433432 108576 18830 7059
is_linear=0
shrinkage=0.1


Tree=84
num_leaves=16
num_cat=0
split_feature=2 0 0 0 0 3 3 3 3 3 5 3 3 6 4
split_gain=37.1541 3.55271e-15 3.55271e-15 1.77636e-15 4.44089e-16 4.44089e-16 2.22045e-16 2.22045e-16 2.22045e-16 2.22045e-16 2.22045e-16 6.93889e-18 6.93889e-18 1.73472e-18 4.33681e-19
threshold=1.0000000180025095e-35 585.00000000000011 4822.0000000000009 1060.5000000000002 6684.5000000000009 47.500000000000007 116.50000000000001 108.00000000000001 88.500000000000014 67.500000000000014 79.340611810503745 79.500000000000014 69.500000000000014 -24.499999999999996 13.377500000000003
decision_type=2 2 2 2 2 2 2 2 2 2 2 2 2 2 2
left_child=1 6 3 -2 5 -4 7 -1 9 10 -6 12 -7 -13 -9
right_child=2 -3 4 -5 8 11 -8 14 -10 -11 -12 13 -14 -15 -16
leaf_value=-0.10000445221753496 0.10001649079137608 -0.10000445221753518 0.10001649079137612 0.10001649079137614 0.10001649079137608 0.10001649079137367 -0.10000445221751962 -0.10000445221743931 0.10001649079135022 0.10001649079136965 0.10001649079135022 0.10001649079136449 0.10001649079136424 0.10001649079134577 -0.1000044522174936
leaf_weight=1.3803841201552152 5.6707332939258803 17.910881414518371 2.0101910505036353 9.122756334487347 1.0114417618606235 0.03626420919317741 0.0071252527413890867 0.0011578535704758188 0.0042857701773756354 0.017143080709502212 0.0042857701773756354 0.0085715403547510505 0.0084067030402366072 0.0032967462902888664 0.0024047728002187796
leaf_count=30997 34402 402195 12195 55344 6136 220 160 26 26 104 26 52 51 20 54
internal_value=-0.00377019 -0.100004 0.100016 0.100016 0.100016 0.100016 -0.100004 -0.100004 0.100016 0.100016 0.100016 0.100016 0.100016 0.100016 -0.100004
internal_weight=37.1993 19.302 17.8974 14.7935 3.10389 2.06673 1.39107 1.38395 1.03716 1.03287 1.01573 0.0565392 0.0446709 0.0118683 0.00356263
internal_count=542008 433432 108576 89746 18830 12538 31237 31077 6292 6266 6162 343 271 72 80
is_linear=0
shrinkage=0.1


Tree=85
num_leaves=21
num_cat=0
split_feature=2 0 0 0 3 3 5 3 3 3 4 3 3 3 5 6 4 6 6 3
split_gain=33.6181 3.55271e-15 3.55271e-15 1.77636e-15 1.77636e-15 1.77636e-15 8.88178e-16 1.11022e-16 1.11022e-16 1.11022e-16 1.11022e-16 2.77556e-17 2.77556e-17 1.38778e-17 1.38778e-17 1.38778e-17 6.93889e-18 6.93889e-18 3.46945e-18 1.73472e-18
threshold=1.0000000180025095e-35 4163.5000000000009 6684.5000000000009 3482.0000000000005 105.00000000000001 88.500000000000014 0.73320143145696381 81.000000000000014 43.500000000000007 81.000000000000014 26.022500000000004 206.50000000000003 137.00000000000003 105.00000000000001 79.311189548405395 -112.49999999999999 36.790909090909096 -1797.4999999999998 -136.49999999999997 148.50000000000003
decision_type=2 2 2 2 2 2 2 2 2 2 2 2 2 2 2 2 2 2 2 2
left_child=1 -1 3 4 5 -2 9 -3 -4 10 -5 12 -6 15 -7 17 -12 -10 -19 -9
right_child=2 7 8 6 11 14 -8 19 13 -11 16 -13 -14 -15 -16 -17 -18 18 -20 -21
leaf_value=-0.10000402663647108 0.10001492722392956 -0.10000402663647111 0.10001492722392934 0.10001492722392924 0.10001492722392757 0.10001492722392678 0.10001492722392949 -0.10000402663646178 0.1000149272239047 0.10001492722390859 0.10001492722392742 0.10001492722392634 0.10001492722392646 0.10001492722389603 0.1000149272239072 0.10001492722392634 0.10001492722392147 0.10001492722392565 0.10001492722389752 -0.10000402663642677
leaf_weight=16.680533234022736 12.167618731647957 0.77169210468855354 0.87135292150196697 0.78424745998927514 0.09113259757577985 0.064732483384433048 2.0153578697936609 0.010718505553086288 0.0040271360630867994 0.0047729020006954661 0.04728156044438947 0.031322169379564002 0.032664548067259602 0.002983063750434666 0.0044745956256519994 0.031322169379564002 0.012379714564303868 0.025654348253738132 0.0031322169379564028 0.0022565274848602721
leaf_count=413959 81578 19151 5842 5258 611 434 13512 266 27 32 317 210 219 20 30 210 83 172 21 56
internal_value=-0.00377018 -0.100004 0.100015 0.100015 0.100015 0.100015 0.100015 -0.100004 0.100015 0.100015 0.100015 0.100015 0.100015 0.100015 0.100015 0.100015 0.100015 0.100015 0.100015 -0.100004
internal_weight=33.6597 17.4652 16.1945 15.256 12.3919 12.2368 2.86404 0.784667 0.938472 0.848682 0.843909 0.155119 0.123797 0.0671189 0.0692071 0.0641359 0.0596613 0.0328137 0.0287866 0.012975
internal_count=542008 433432 108576 102284 83082 82042 19202 19473 6292 5690 5658 1040 830 450 464 430 400 220 193 322
is_linear=0
shrinkage=0.1


Tree=86
num_leaves=9
num_cat=0
split_feature=2 0 0 0 3 3 3 3
split_gain=30.4186 1.77636e-15 1.77636e-15 1.77636e-15 5.55112e-17 1.73472e-18 1.73472e-18 1.73472e-18
threshold=1.0000000180025095e-35 5059.0000000000009 607.50000000000011 615.50000000000011 69.500000000000014 206.50000000000003 123.50000000000001 73.500000000000014
decision_type=2 2 2 2 2 2 2 2
left_child=1 2 -1 -2 -3 6 7 -6
right_child=3 4 -4 -5 5 -7 -8 -9
leaf_value=-0.10000365188040911 0.10001349943241987 -0.10000365188040868 -0.10000365188040911 0.10001349943242005 -0.1000036518803176 -0.10000365188031105 -0.10000365188031105 -0.10000365188039671
leaf_weight=2.1090312784363041 0.98913073679432351 0.41678197468718359 13.26621655935014 13.664418025407938 0.0010938202467514211 0.0010208988969679931 0.0010208988969679931 0.0080578091510687955
leaf_count=57844 7329 11431 363850 101247 30 28 28 221
internal_value=-0.00377017 -0.100004 -0.100004 0.100013 -0.100004 -0.100004 -0.100004 -0.100004
internal_weight=30.4568 15.8032 15.3752 14.6535 0.427975 0.0111934 0.0101725 0.00915163
internal_count=542008 433432 421694 108576 11738 307 279 251
is_linear=0
shrinkage=0.1


Tree=87
num_leaves=14
num_cat=0
split_feature=2 0 4 3 3 1 3 3 3 5 3 5 5
split_gain=27.5236 3.55271e-15 3.55271e-15 1.77636e-15 1.77636e-15 2.22045e-16 2.22045e-16 2.22045e-16 1.11022e-16 1.11022e-16 5.55112e-17 1.73472e-18 1.73472e-18
threshold=1.0000000180025095e-35 5059.0000000000009 17.147222222222226 46.500000000000007 28.500000000000004 4.6500000000000012 31.500000000000004 70.500000000000014 105.00000000000001 79.100342175658341 29.500000000000004 0.8085184007207209 0.5013351630060956
decision_type=2 2 2 2 2 2 2 2 2 2 2 2 2
left_child=2 3 -1 4 -2 -3 10 -7 9 -5 -6 12 -9
right_child=1 5 -4 8 6 7 -8 11 -10 -11 -12 -13 -14
leaf_value=-0.1000033081465756 0.1000122140366331 0.10001221403663277 -0.10000330814657554 0.1000122140366327 0.10001221403663058 0.10001221403663299 0.10001221403663295 0.10001221403661283 0.10001221403663228 0.10001221403663228 0.10001221403663246 0.10001221403660743 0.10001221403659406
leaf_weight=10.122854351327986 9.5853990660980291 0.54001216264441665 4.1765401369484616 0.50703991390764791 0.066921452991665076 1.2606389767024664 0.86362867802381516 0.0054953747894616045 0.12737057567574084 0.12773693399503827 0.16852482687681913 0.0039078220725059518 0.0025645082350820303
leaf_count=306836 78492 4422 126596 4152 548 10323 7072 45 1043 1046 1380 32 21
internal_value=-0.00377017 0.100012 -0.100003 0.100012 0.100012 0.100012 0.100012 0.100012 0.100012 0.100012 0.100012 0.100012 0.100012
internal_weight=27.5586 13.2592 14.2994 11.4466 10.6845 1.81262 1.09907 1.27261 0.762147 0.634777 0.235446 0.0119677 0.00805988
internal_count=542008 108576 433432 93733 87492 14843 9000 10421 6241 5198 1928 98 66
is_linear=0
shrinkage=0.1


Tree=88
num_leaves=10
num_cat=0
split_feature=2 0 3 3 3 1 3 3 5
split_gain=24.9042 3.55271e-15 1.77636e-15 1.77636e-15 4.44089e-16 2.22045e-16 2.77556e-17 2.77556e-17 1.38778e-17
threshold=1.0000000180025095e-35 2113.5000000000005 137.00000000000003 105.00000000000001 123.50000000000001 4.6500000000000012 99.000000000000014 76.500000000000014 0.057190304865080151
decision_type=2 2 2 2 2 2 2 2 2
left_child=1 -1 3 -2 5 -3 7 -7 -5
right_child=2 4 -4 8 -6 6 -8 -9 -10
leaf_value=-0.10000298577928168 0.10001104897434837 -0.10000298577928157 0.10001104897434465 0.10001104897431681 -0.10000298577926381 -0.10000298577928123 -0.1000029857792073 -0.10000298577922682 0.10001104897434679
leaf_weight=11.619700623210518 11.879796833818542 1.0793466258874107 0.048288263569703171 0.0056354724074488818 0.0062091461732053368 0.23024588670159585 0.0013433248932415145 0.0018209515219496089 0.063868687284411862
leaf_count=389248 107510 36157 437 51 208 7713 45 61 578
internal_value=-0.00377017 -0.100003 0.100011 0.100011 -0.100003 -0.100003 -0.100003 -0.100003 0.100011
internal_weight=24.9363 12.9387 11.9976 11.9493 1.31897 1.31276 0.23341 0.232067 0.0695042
internal_count=542008 433432 108576 108139 44184 43976 7819 7774 629
is_linear=0
shrinkage=0.1


Tree=89
num_leaves=11
num_cat=0
split_feature=2 0 0 3 5 5 3 3 5 3
split_gain=22.5341 3.55271e-15 1.77636e-15 1.77636e-15 1.77636e-15 1.77636e-15 4.44089e-16 2.22045e-16 2.22045e-16 3.46945e-18
threshold=1.0000000180025095e-35 5059.0000000000009 5059.0000000000009 83.000000000000014 79.152175976737439 79.265857370650096 101.50000000000001 65.500000000000014 210.4841582984464 79.500000000000014
decision_type=2 2 2 2 2 2 2 2 2 2
left_child=2 5 3 4 -1 -2 7 -3 -6 -9
right_child=1 6 -4 -5 8 -7 -8 9 -10 -11
leaf_value=-0.10000270043835324 0.10000999866102359 0.10000999866102347 -0.10000270043835265 -0.10000270043835224 -0.10000270043835308 0.10000999866102329 0.10000999866100135 0.10000999866101659 -0.10000270043835138 0.10000999866100085
leaf_weight=9.9186194007179385 8.6992988584097439 1.4587818121071907 0.31705483426412762 0.18467404173316104 1.238615307549481 0.67259940027725029 0.0049992522690446286 0.01589762221556168 0.048457690634677308 0.0043993419967591754
leaf_count=367207 87006 14590 11738 6837 45856 6727 50 159 1794 44
internal_value=-0.00377016 0.10001 -0.100003 -0.100003 -0.100003 0.10001 0.10001 0.10001 -0.100003 0.10001
internal_weight=22.5634 10.856 11.7074 11.3904 11.2057 9.3719 1.48408 1.47908 1.28707 0.020297
internal_count=542008 108576 433432 421694 414857 93733 14843 14793 47650 203
is_linear=0
shrinkage=0.1


Tree=90
num_leaves=13
num_cat=0
split_feature=2 4 0 3 3 3 0 4 5 3 3 5
split_gain=20.3896 3.55271e-15 1.77636e-15 1.77636e-15 1.77636e-15 1.77636e-15 2.22045e-16 2.22045e-16 5.55112e-17 2.77556e-17 1.38778e-17 1.38778e-17
threshold=1.0000000180025095e-35 24.585833333333337 1996.0000000000002 39.500000000000007 76.500000000000014 50.500000000000007 2698.0000000000005 25.422500000000003 0.043133498856967177 74.500000000000014 67.500000000000014 78.79706563233843
decision_type=2 2 2 2 2 2 2 2 2 2 2 2
left_child=2 4 3 -1 5 -2 -4 -5 -6 -7 11 -9
right_child=1 -3 6 7 8 9 -8 10 -10 -11 -12 -13
leaf_value=-0.10000244857945927 0.10000904759541861 0.1000090475954184 -0.10000244857945897 -0.100002448579459 0.10000904759540463 0.10000904759541773 -0.10000244857945911 -0.10000244857945784 0.10000904759541795 0.10000904759541246 -0.10000244857945582 -0.10000244857945413
leaf_weight=8.3726408169277384 8.2837079940218192 1.1236501309031162 0.6167341029286042 0.71097705691499946 0.012756414529577209 0.21694951802783258 0.77303174056942225 0.071171027491800487 0.16954270091082435 0.016375255530874711 0.029230957719846629 0.019552480080164969
leaf_count=342571 91562 12420 25234 29090 141 2398 31629 2912 1874 181 1196 800
internal_value=-0.00377015 0.100009 -0.100002 -0.100002 0.100009 0.100009 -0.100002 -0.100002 0.100009 0.100009 -0.100002 -0.100002
internal_weight=20.4163 9.82298 10.5933 9.20357 8.69933 8.51703 1.38977 0.830932 0.182299 0.233325 0.119954 0.0907235
internal_count=542008 108576 433432 376569 96156 94141 56863 33998 2015 2579 4908 3712
is_linear=0
shrinkage=0.1


Tree=91
num_leaves=12
num_cat=0
split_feature=2 0 3 0 3 3 3 0 3 4 5
split_gain=18.4492 3.55271e-15 3.55271e-15 1.77636e-15 1.77636e-15 1.77636e-15 5.55112e-17 1.38778e-17 1.38778e-17 1.38778e-17 3.46945e-18
threshold=1.0000000180025095e-35 6684.5000000000009 111.00000000000001 4822.0000000000009 116.50000000000001 105.00000000000001 83.000000000000014 2200.0000000000005 77.500000000000014 19.805000000000003 0.59576946533895658
decision_type=2 2 2 2 2 2 2 2 2 2 2
left_child=1 3 5 4 -1 -2 -5 -4 9 -3 -11
right_child=2 8 7 6 -6 -7 -8 -9 -10 10 -12
leaf_value=-0.10000221258045283 0.10000819478342488 -0.10000221258045011 0.10000819478342211 -0.10000221258045211 -0.1000022125804496 0.10000819478341626 -0.10000221258043254 0.10000819478336383 -0.10000221258037066 -0.10000221258041019 -0.10000221258044657
leaf_weight=9.1873801648034661 8.8010089573799597 0.065946388531302413 0.06499861512566063 0.25204258554367776 0.055375505326083707 0.02062928339000869 0.0049316045078739981 0.0016372447134926906 0.0012163150131527791 0.0023441707526217206 0.016033243355195737
leaf_count=415440 107510 2982 794 11397 2504 252 223 20 55 106 725
internal_value=-0.00377015 -0.100002 0.100008 -0.100002 -0.100002 0.100008 -0.100002 0.100008 -0.100002 -0.100002 -0.100002
internal_weight=18.4735 9.58527 8.88827 9.49973 9.24276 8.82164 0.256974 0.0666359 0.0855401 0.0843238 0.0183774
internal_count=542008 433432 108576 429564 417944 107762 11620 814 3868 3813 831
is_linear=0
shrinkage=0.1


Tree=92
num_leaves=7
num_cat=0
split_feature=2 0 3 3 3 3
split_gain=16.6934 1.77636e-15 1.77636e-15 1.77636e-15 1.11022e-16 1.38778e-17
threshold=1.0000000180025095e-35 4163.5000000000009 137.00000000000003 79.500000000000014 116.50000000000001 86.000000000000014
decision_type=2 2 2 2 2 2
left_child=1 2 3 -1 -3 -5
right_child=-2 4 -4 5 -6 -7
leaf_value=-0.10000199985291996 0.10000740634800641 -0.10000199985291945 -0.10000199985291475 -0.10000199985291117 -0.10000199985287794 -0.10000199985291885
leaf_weight=8.1339491734670393 8.0425029639154673 0.38728041069771357 0.034417810602463628 0.020330520681455577 0.002381232245170394 0.09476904128678143
leaf_count=406487 108576 19354 1720 1016 119 4736
internal_value=-0.00377014 -0.100002 -0.100002 -0.100002 -0.100002 -0.100002
internal_weight=16.7156 8.67313 8.28347 8.24905 0.389662 0.1151
internal_count=542008 433432 413959 412239 19473 5752
is_linear=0
shrinkage=0.1


Tree=93
num_leaves=6
num_cat=0
split_feature=2 0 4 3 3
split_gain=15.1048 8.88178e-16 8.88178e-16 2.22045e-16 2.22045e-16
threshold=1.0000000180025095e-35 1632.5000000000002 15.856349206349208 148.50000000000003 88.500000000000014
decision_type=2 2 2 2 2
left_child=1 2 -1 4 -3
right_child=-2 3 -4 -5 -6
leaf_value=-0.10000180832516739 0.10000669798981057 -0.10000180832516739 -0.10000180832516736 -0.10000180832514197 -0.10000180832516124
leaf_weight=4.1164697333879303 7.2772061841096729 1.5489812523810536 2.1599914375692606 0.0043635824877129572 0.017979408341489145
leaf_count=227352 108576 85550 119296 241 993
internal_value=-0.00377014 -0.100002 -0.100002 -0.100002 -0.100002
internal_weight=15.125 7.84779 6.27646 1.57132 1.56696
internal_count=542008 433432 346648 86784 86543
is_linear=0
shrinkage=0.1


Tree=94
num_leaves=4
num_cat=0
split_feature=2 4 4
split_gain=13.6673 1.77636e-15 8.88178e-16
threshold=1.0000000180025095e-35 15.773214285714287 20.884523809523813
decision_type=2 2 2
left_child=2 -2 -1
right_child=1 -3 -4
leaf_value=-0.10000163211251317 0.10000606467171558 0.10000606467171556 -0.1000016321125131
leaf_weight=5.8064177484047832 4.2827175853963126 2.3020107353149797 1.2945637521188471
leaf_count=354414 70618 37958 79018
internal_value=-0.00377013 0.100006 -0.100002
internal_weight=13.6857 6.58473 7.10098
internal_count=542008 108576 433432
is_linear=0
shrinkage=0.1


Tree=95
num_leaves=3
num_cat=0
split_feature=2 5
split_gain=12.3666 1.77636e-15
threshold=1.0000000180025095e-35 79.152175976737439
decision_type=2 2
left_child=1 -1
right_child=-2 -3
leaf_value=-0.10000148472815976 0.10000548925686797 -0.10000148472815965
leaf_weight=5.6990100363327656 5.9581411230610684 0.72623309024493199
leaf_count=384442 108576 48990
internal_value=-0.00377014 -0.100001
internal_weight=12.3834 6.42524
internal_count=542008 433432
is_linear=0
shrinkage=0.1


Tree=96
num_leaves=9
num_cat=0
split_feature=2 0 5 5 3 3 3 4
split_gain=11.1897 8.88178e-16 8.88178e-16 2.77556e-17 1.73472e-18 1.73472e-18 1.73472e-18 1.73472e-18
threshold=1.0000000180025095e-35 5339.5000000000009 78.749489852026485 0.65344048587289405 33.500000000000007 20.500000000000004 11.500000000000002 21.479166666666671
decision_type=2 2 2 2 2 2 2 2
left_child=1 -1 -2 4 5 6 7 -3
right_child=2 3 -4 -5 -6 -7 -8 -9
leaf_value=-0.10000134253507778 0.10000496752680832 -0.10000134253506704 0.10000496752680826 -0.1000013425350767 -0.10000134253498896 -0.10000134253500997 -0.10000134253503563 -0.10000134253500806
leaf_weight=5.7097199282870861 4.3002391139998508 0.0082492570709290503 1.090936476804927 0.089427312019324745 0.00112672779505374 0.0014754768744751354 0.0023741764252918083 0.001435236596080359
leaf_count=425672 86605 615 21971 6667 84 110 177 107
internal_value=-0.00377013 -0.100001 0.100005 -0.100001 -0.100001 -0.100001 -0.100001 -0.100001
internal_weight=11.205 5.81381 5.39118 0.104088 0.0146609 0.0135341 0.0120587 0.00968449
internal_count=542008 433432 108576 7760 1093 1009 899 722
is_linear=0
shrinkage=0.1


Tree=97
num_leaves=4
num_cat=0
split_feature=2 0 0
split_gain=10.1249 8.88178e-16 8.88178e-16
threshold=1.0000000180025095e-35 3482.0000000000005 1015.0000000000001
decision_type=2 2 2
left_child=1 2 -1
right_child=-2 -3 -4
leaf_value=-0.10000121396000045 0.10000449397843325 -0.10000121396000015 -0.10000121396000045
leaf_weight=2.842421173609182 4.8781595643376932 0.28529196655290423 2.1328444896753354
leaf_count=234195 108576 23506 175731
internal_value=-0.00377013 -0.100001 -0.100001
internal_weight=10.1387 5.26056 4.97527
internal_count=542008 433432 409926
is_linear=0
shrinkage=0.1


Tree=98
num_leaves=5
num_cat=0
split_feature=2 0 0 3
split_gain=9.16134 8.88178e-16 8.88178e-16 1.11022e-16
threshold=1.0000000180025095e-35 606.50000000000011 1604.0000000000002 67.500000000000014
decision_type=2 2 2 2
left_child=1 3 -2 -1
right_child=2 -3 -4 -5
leaf_value=-0.10000109318146266 0.1000040627634308 -0.1000010931814628 0.1000040627634308 -0.10000109318145678
leaf_weight=0.57085587640176516 2.2981647069536848 4.1725708781159483 2.1157945582672255 0.016527925472473726
leaf_count=51981 56531 379946 52045 1505
internal_value=-0.00377013 -0.100001 0.100004 -0.100001
internal_weight=9.17391 4.75995 4.41396 0.587384
internal_count=542008 433432 108576 53486
is_linear=0
shrinkage=0.1


Tree=99
num_leaves=5
num_cat=0
split_feature=2 0 0 3
split_gain=8.2895 1.77636e-15 4.44089e-16 2.77556e-17
threshold=1.0000000180025095e-35 560.50000000000011 5339.5000000000009 35.500000000000007
decision_type=2 2 2 2
left_child=1 3 -2 -1
right_child=2 -3 -4 -5
leaf_value=-0.10000099763998596 0.10000367905687967 -0.10000099763998649 0.10000367905687949 -0.10000099763998156
leaf_weight=0.15850418688842172 3.5998192048064088 4.1282833323566592 0.39411071672657261 0.0202018062782372
leaf_count=15951 97862 415448 10714 2033
internal_value=-0.00377013 -0.100001 0.100004 -0.100001
internal_weight=8.30092 4.30699 3.99393 0.178706
internal_count=542008 433432 108576 17984
is_linear=0
shrinkage=0.1


end of trees

feature_importances:
total_orders=221
vendor_order_count=181
ordered_before=100
distance=86
avg_spend=82
days_since_last=23
vendor_rating=7

parameters:
[boosting: gbdt]
[objective: binary]
[metric: auc]
[tree_learner: serial]
[device_type: cpu]
[data_sample_strategy: bagging]
[data: ]
[valid: ]
[num_iterations: 100]
[learning_rate: 0.1]
[num_leaves: 31]
[num_threads: 0]
[seed: 0]
[deterministic: 0]
[force_col_wise: 0]
[force_row_wise: 0]
[histogram_pool_size: -1]
[max_depth: -1]
[min_data_in_leaf: 20]
[min_sum_hessian_in_leaf: 0.001]
[bagging_fraction: 1]
[pos_bagging_fraction: 1]
[neg_bagging_fraction: 1]
[bagging_freq: 0]
[bagging_seed: 3]
[bagging_by_query: 0]
[feature_fraction: 1]
[feature_fraction_bynode: 1]
[feature_fraction_seed: 2]
[extra_trees: 0]
[extra_seed: 6]
[early_stopping_round: 0]
[early_stopping_min_delta: 0]
[first_metric_only: 0]
[max_delta_step: 0]
[lambda_l1: 0]
[lambda_l2: 0]
[linear_lambda: 0]
[min_gain_to_split: 0]
[drop_rate: 0.1]
[max_drop: 50]
[skip_drop: 0.5]
[xgboost_dart_mode: 0]
[uniform_drop: 0]
[drop_seed: 4]
[top_rate: 0.2]
[other_rate: 0.1]
[min_data_per_group: 100]
[max_cat_threshold: 32]
[cat_l2: 10]
[cat_smooth: 10]
[max_cat_to_onehot: 4]
[top_k: 20]
[monotone_constraints: ]
[monotone_constraints_method: basic]
[monotone_penalty: 0]
[feature_contri: ]
[forcedsplits_filename: ]
[refit_decay_rate: 0.9]
[cegb_tradeoff: 1]
[cegb_penalty_split: 0]
[cegb_penalty_feature_lazy: ]
[cegb_penalty_feature_coupled: ]
[path_smooth: 0]
[interaction_constraints: ]
[verbosity: -1]
[saved_feature_importance_type: 0]
[use_quantized_grad: 0]
[num_grad_quant_bins: 4]
[quant_train_renew_leaf: 0]
[stochastic_rounding: 1]
[linear_tree: 0]
[max_bin: 255]
[max_bin_by_feature: ]
[min_data_in_bin: 3]
[bin_construct_sample_cnt: 200000]
[data_random_seed: 1]
[is_enable_sparse: 1]
[enable_bundle: 1]
[use_missing: 1]
[zero_as_missing: 0]
[feature_pre_filter: 1]
[pre_partition: 0]
[two_round: 0]
[header: 0]
[label_column: ]
[weight_column: ]
[group_column: ]
[ignore_column: ]
[categorical_feature: ]
[forcedbins_filename: ]
[precise_float_parser: 0]
[parser_config_file: ]
[objective_seed: 5]
[num_class: 1]
[is_unbalance: 0]
[scale_pos_weight: 1]
[sigmoid: 1]
[boost_from_average: 1]
[reg_sqrt: 0]
[alpha: 0.9]
[fair_c: 1]
[poisson_max_delta_step: 0.7]
[tweedie_variance_power: 1.5]
[lambdarank_truncation_level: 30]
[lambdarank_norm: 1]
[label_gain: ]
[lambdarank_position_bias_regularization: 0]
[eval_at: ]
[multi_error_top_k: 1]
[auc_mu_weights: ]
[num_machines: 1]
[local_listen_port: 12400]
[time_out: 120]
[machine_list_filename: ]
[machines: ]
[gpu_platform_id: -1]
[gpu_device_id: -1]
[gpu_use_dp: 0]
[num_gpu: 1]

end of parameters

pandas_categorical:[]
